time,y_test,y_pred,all
2021-08-03 21:00:00,24005G16KT 150V290 1200 0700S R19/1900N R01/1900N RADZ BR BCFG BKN003 OVC008 18/18 Q1019 TEMPO 0350 BCFG VV001,27006kt 240v310 9999 sct012 ovc016 18 16 q1020 nosig,28003kt 1500 RA BKN010 OVC 18 17 q1019 27006kt 240v310 9999 sct012 ovc016 18 16 q1020 nosig q1019 nosig
2021-10-08 12:00:00,VRB03KT CAVOK 24/18 Q1021 NOSIG,26006kt 230v310 cavok 23 16 q1020 nosig,26005kt 9999 WM MNClD M 24 16 q1021 26006kt 230v310 cavok 23 16 q1020 nosig q1021 nosig q1021 nosig
2022-04-10 23:00:00,19007KT 120V220 9999 SCT020 BKN027 BKN037 12/11 Q1004 NOSIG,22006kt 0500 r19 1400d r01 0750n fg vv001 09 09 q1003,13009kt 9999 WM MNClD M 11 09 q1003 22006kt 0500 r19 1400d r01 0750n fg vv001 09 09 q1003
2022-01-05 11:00:00,18006KT 120V230 0500 R19/1300N R01/0550N BCFG RA VV002 08/08 Q1019 TEMPO 3000 BR,22009kt 180v260 1200 r19 p2000 r01 1400n ra bcfg bkn001 ovc007,23009kt 1500 RA FEW015 M 09 09 q1020 22009kt 180v260 1200 r19 p2000 r01 1400n ra bcfg bkn001 ovc007
2020-04-27 10:00:00,18004KT 100V230 6000 RA SCT004 OVC017 11/11 Q1013 TEMPO 3000 RA BKN010,vrb07kt 9999 sct024 bkn050 12 09 q1013 tempo 3000 br bkn010,26007kt 9999 RA SCTNClD OVC 12 10 q1013 vrb07kt 9999 sct024 bkn050 12 09 q1013 tempo 3000 br bkn010
2022-12-02 18:00:00,24004KT 200V280 CAVOK 08/04 Q1010 NOSIG,vrb02kt 9999 1000s bcfg nsc 07 06 q1009 tempo 1500 bcfg,10001kt 9999 WM MNClD M 09 04 q1009 vrb02kt 9999 1000s bcfg nsc 07 06 q1009 tempo 1500 bcfg
2019-04-19 19:00:00,09009KT 060V120 CAVOK 20/08 Q1018 NOSIG,vrb03kt cavok 21 08 q1016 nosig,07013kt 9999 WM MNClD M 20 09 q1016 vrb03kt cavok 21 08 q1016 nosig q1016 nosig q1015 nosig q1016
2020-05-18 23:00:00,36004KT 320V020 CAVOK 15/11 Q1023 NOSIG,vrb02kt cavok 15 11 q1023 nosig,01005kt 9999 WM MNClD M 15 10 q1023 vrb02kt cavok 15 11 q1023 nosig 28012kt 12 12 q1024 nosig
2022-07-21 21:00:00,02005KT CAVOK 21/18 Q1018 NOSIG,03006kt 350v060 cavok 23 18 q1018 nosig,01011kt 9999 WM SCT030 M 23 18 q1018 03006kt 350v060 cavok 23 18 q1018 nosig q1018 nosig q1018 nosig
2018-09-25 12:00:00,18005KT 120V230 CAVOK 25/12 Q1021 NOSIG,vrb07kt 9999 few042 30 13 q1021 nosig,12007kt 9999 WM MNClD M 28 14 q1021 vrb07kt 9999 few042 30 13 q1021 nosig q1021 nosig q1028 nosig
2019-09-10 14:00:00,VRB09G21KT 9999 SCT050 19/07 Q1024 NOSIG,01013kt 340v050 9999 few040 19 09 q1023 nosig,35013kt 9999 WM SCT030 M 20 09 q1023 01013kt 340v050 9999 few040 19 09 q1023 nosig q1024 nosig vrb09g19kt
2021-01-26 15:00:00,26007KT 0700 R19/1800D R01/1200D -DZ FG VV001 14/14 Q1022 NOSIG,25007kt 210v280 0800 r19 1700n r01 1600n bcfg ra vv001 14,25005kt 1500 DZ SCT015 M 13 13 q1022 25007kt 210v280 0800 r19 1700n r01 1600n bcfg ra vv001 14
2021-09-24 22:00:00,VRB02KT 9999 4000S BCFG SCT052 16/15 Q1013 TEMPO 3000 SHRA BR SCT030TCU,vrb02kt 4000 0300s r19 p2000 r01 0500n bcfg vv001 15 15,13003kt 9999 FG NSC050 M 16 15 q1013 vrb02kt 4000 0300s r19 p2000 r01 0500n bcfg vv001 15 15
2019-01-23 05:00:00,33010KT 280V010 6000 -RA BKN012 BKN017 BKN024 10/09 Q1017 TEMPO 3000 -RA BKN010,32008kt 270v010 6000 ra sct010 bkn032 11 09 q1018 tempo 3000,30015kt 9999 RA SCT015 BKN 10 09 q1017 32008kt 270v010 6000 ra sct010 bkn032 11 09 q1018 tempo 3000
2018-07-20 10:00:00,03006KT 340V110 9999 FEW020 SCT027 22/16 Q1020 NOSIG,36012kt 330v080 9999 few015 sct054 21 16 q1021 nosig,36011kt 9999 WM SCT030 SCT 21 14 q1020 36012kt 330v080 9999 few015 sct054 21 16 q1021 nosig q1019 nosig
2020-07-05 08:00:00,19003KT 100V250 CAVOK 23/16 Q1021 NOSIG,21005kt 160v260 cavok 23 17 q1021 nosig,15005kt 9999 WM OVC005 M 22 17 q1021 21005kt 160v260 cavok 23 17 q1021 nosig q1021 nosig 17008kt sct030cb
2018-04-20 13:00:00,09011KT 050V130 CAVOK 27/08 Q1015 NOSIG,20005kt 160v230 cavok 24 12 q1016 nosig,14005kt 9999 WM MNClD M 24 13 q1016 20005kt 160v230 cavok 24 12 q1016 nosig q1016 nosig 1500 160v230
2021-06-26 18:00:00,28008KT 250V320 9999 SCT007 SCT014 17/15 Q1016 TEMPO BKN010,26008kt 230v300 9999 few027 19 13 q1016 nosig,27011kt 9999 WM BKN015 M 19 14 q1016 26008kt 230v300 9999 few027 19 13 q1016 nosig 1500 bcfg bkn003
2022-11-24 08:00:00,VRB01KT 1400 R19/P2000 R01/1600U RA BCFG VV003 13/13 Q1012 TEMPO 0700 FG,vrb04kt 0800 r19 1900d r01 1800d ra fg ovc003 14 14,19009kt 1500 RA FEW025 M 13 13 q1013 vrb04kt 0800 r19 1900d r01 1800d ra fg ovc003 14 14
2020-07-21 04:00:00,04003KT CAVOK 18/15 Q1014 NOSIG,23006kt 200v260 cavok 18 16 q1013 nosig,16005kt 9999 WM OVC025 M 18 16 q1014 23006kt 200v260 cavok 18 16 q1013 nosig 1500 bcfg bkn005 ovc019
2019-07-10 18:00:00,27009KT CAVOK 28/15 Q1015 NOSIG,vrb03kt cavok 29 17 q1015 nosig,29007kt 9999 WM MNClD M 27 16 q1014 vrb03kt cavok 29 17 q1015 nosig q1015 nosig q1035 nosig q1035
2019-10-03 05:00:00,21006KT 3000 1000S BCFG NSC 12/11 Q1021 TEMPO 5000,vrb02kt cavok 12 11 q1021 nosig,17001kt 9999 FG MNClD M 12 12 q1021 vrb02kt cavok 12 11 q1021 nosig q1021 nosig vrb05kt 8000 bcfg
2022-11-26 12:00:00,19006KT 150V220 CAVOK 14/06 Q1027 NOSIG,19012kt 110v230 9999 sct022 14 09 q1026 nosig,15011kt 9999 WM M050 M 14 07 q1027 19012kt 110v230 9999 sct022 14 09 q1026 nosig q1027 nosig 1500
2019-09-25 16:00:00,26008KT 230V320 9999 SCT030 19/14 Q1021 NOSIG,29009kt 230v320 9999 few015 bkn038 17 14 q1021 nosig,27009kt 9999 WM SCT040 SCT 18 15 q1021 29009kt 230v320 9999 few015 bkn038 17 14 q1021 nosig q1021 nosig
2022-08-06 19:00:00,VRB03KT CAVOK 21/17 Q1016 NOSIG,27004g14kt 220v350 cavok 26 17 q1016 nosig,30007kt 9999 WM MNClD M 23 17 q1016 27004g14kt 220v350 cavok 26 17 q1016 nosig q1016 nosig q1015 nosig
2019-04-12 11:00:00,23006KT 190V260 CAVOK 15/09 Q1021 NOSIG,21005kt 160v260 cavok 15 07 q1019 nosig,15005kt 9999 WM MNClD M 15 07 q1019 21005kt 160v260 cavok 15 07 q1019 nosig 1500 bcfg bkn005 bkn014
2018-04-19 07:00:00,00000KT CAVOK 13/09 Q1020 NOSIG,vrb02kt cavok 12 10 q1020 nosig,19003kt 9999 WM MNClD M 12 10 q1020 vrb02kt cavok 12 10 q1020 nosig q1021 nosig vrb05kt 6000 ra
2022-10-31 13:00:00,29008KT 240V330 9999 SCT014 BKN023 16/13 Q1015 NOSIG,31010g20kt 260v350 9999 bkn022 bkn032 16 14 q1015 nosig,30015kt 9999 WM FEW015 BKN 15 12 q1015 31010g20kt 260v350 9999 bkn022 bkn032 16 14 q1015 nosig q1015 nosig
2020-06-18 19:00:00,28008KT 240V320 CAVOK 17/10 Q1018 NOSIG,26010kt 240v300 cavok 16 11 q1018 nosig,29011kt 9999 WM FEW030 M 16 11 q1018 26010kt 240v300 cavok 16 11 q1018 nosig q1018 nosig 1500 bcfg
2021-08-24 14:00:00,VRB03KT CAVOK 33/16 Q1012 NOSIG,vrb02kt cavok 33 15 q1013 nosig,06003kt 9999 WM MNClD M 33 15 q1012 vrb02kt cavok 33 15 q1013 nosig q1017 nosig q1017 nosig q1018
2021-02-27 01:00:00,23004KT 190V260 CAVOK 11/10 Q1027 NOSIG,22003kt 170v260 cavok 11 08 q1027 nosig,08001kt 9999 WM OVCNClD M 11 08 q1027 22003kt 170v260 cavok 11 08 q1027 nosig q1027 nosig q1027 nosig
2018-10-01 06:00:00,VRB01KT CAVOK 12/09 Q1022 NOSIG,vrb01kt cavok 12 09 q1022 nosig,12003kt 9999 WM BKN045 M 12 09 q1022 vrb01kt cavok 12 09 q1022 nosig q1021 nosig q1021 nosig q1002
2020-02-07 19:00:00,21009KT 170V250 9999 SCT016 BKN021 13/11 Q1021 TEMPO BKN010,19004kt 160v220 9999 sct019 bkn036 bkn050 12 10 q1019 tempo 3000,16009kt 9999 WM FEW030 BKN 12 11 q1020 19004kt 160v220 9999 sct019 bkn036 bkn050 12 10 q1019 tempo 3000
2022-02-13 05:00:00,20011KT 170V230 9999 BKN027 OVC034 08/06 Q1018 TEMPO 0800 BCFG BKN010,21006kt 150v240 0050 r19 p2000n r01 0125n fg bkn000 280v020 ra,17011kt 800 WM FEW025 OVC 08 07 q1018 21006kt 150v240 0050 r19 p2000n r01 0125n fg bkn000 280v020 ra
2021-01-28 12:00:00,19010KT 150V210 5000 -DZ BR BKN004 BKN010 BKN015 13/13 Q1023 TEMPO 0800 BCFG,18010kt 140v210 8000 few013 sct016 bkn018 14 13 q1024 nosig,14011kt 800 DZ SCT015 BKN 13 13 q1024 18010kt 140v210 8000 few013 sct016 bkn018 14 13 q1024 nosig nsw
2021-06-15 23:00:00,14007KT 080V230 CAVOK 25/10 Q1012 NOSIG,vrb02kt cavok 22 17 q1011 nosig,03003kt 9999 WM MNClD M 22 17 q1011 vrb02kt cavok 22 17 q1011 nosig 0800 fg vv001 17 17
2018-12-13 16:00:00,35003KT 330V030 9999 SCT025TCU SCT039 08/07 Q1018 TEMPO SHRA,31007kt 260v360 9999 sct046 11 08 q1017 nosig,31013kt 9999 WM SCT030 SCT 10 07 q1017 31007kt 260v360 9999 sct046 11 08 q1017 nosig few010 bkn016 12
2019-11-13 02:00:00,28007KT 230V350 1500 -RA BCFG BKN003 BKN007 15/14 Q1009 NOSIG,26006kt 210v310 0700 r19 1800d r01 1900n ra bcfg bkn003 bkn008,29013kt 800 RA BKN015 BKN 14 14 q1009 26006kt 210v310 0700 r19 1800d r01 1900n ra bcfg bkn003 bkn008
2020-05-16 10:00:00,VRB03KT CAVOK 18/10 Q1020 NOSIG,vrb03kt 9999 sct050 19 10 q1019 nosig,14003kt 9999 WM M030 M 18 10 q1019 vrb03kt 9999 sct050 19 10 q1019 nosig 1500 bcfg bkn005 bkn035
2020-09-16 20:00:00,VRB02KT CAVOK 18/14 Q1016 NOSIG,vrb02kt cavok 19 17 q1016 nosig,29005kt 9999 WM MNClD M 19 16 q1016 vrb02kt cavok 19 17 q1016 nosig q1016 nosig q1015 nosig q1015
2019-11-09 01:00:00,21007KT 170V240 9999 BKN050 08/07 Q1023 NOSIG,26003kt 220v320 cavok 09 07 q1023 nosig,14003kt 9999 WM MNClD M 09 07 q1023 26003kt 220v320 cavok 09 07 q1023 nosig 3000 bcfg vv002 13
2020-06-17 20:00:00,27008KT CAVOK 14/11 Q1018 NOSIG,02009kt 340v070 9999 few004 bkn023 12 11 q1019 nosig,29007kt 9999 WM BKN015 M 14 11 q1019 02009kt 340v070 9999 few004 bkn023 12 11 q1019 nosig 1500 bcfg
2020-11-15 07:00:00,22013KT 190V260 9000 -RA BKN008 BKN014 17/16 Q1016 TEMPO 0300 RA FG BKN002,22014g24kt 170v250 3000 0700se r19 1000n r01 p2000 bcfg bkn002 bkn006,21013kt 3000 RA BKN025 BKN 16 16 q1016 22014g24kt 170v250 3000 0700se r19 1000n r01 p2000 bcfg bkn002 bkn006
2020-10-31 15:00:00,19010KT 140V230 0200 R19/1000U R01/0300N FG DZ VV001 16/16 Q1024 TEMPO 1500 BCFG BKN002,19009kt 150v230 0250 r19 0450n r01 0375n fg vv001 16 16,17009kt 800 DZ FEW025 BKN 17 16 q1024 19009kt 150v230 0250 r19 0450n r01 0375n fg vv001 16 16
2022-12-04 14:00:00,21007KT 9999 BKN017 BKN021 07/03 Q1007 NOSIG,23004kt 200v260 9999 sct012 bkn016 bkn030 10 07 q1007 tempo 3000,15003kt 9999 WM FEW040 SCT 09 05 q1007 23004kt 200v260 9999 sct012 bkn016 bkn030 10 07 q1007 tempo 3000
2020-05-01 21:00:00,19006KT 150V230 0700 R19/P2000 R01/0500N BCFG DZ VV001 15/15 Q1021 NOSIG,18007kt 150v210 0300 r19 1800n r01 0500n bcfg vv001 14 14,17007kt 800 DZ FEWNClD M 15 14 q1021 18007kt 150v210 0300 r19 1800n r01 0500n bcfg vv001 14 14
2019-06-24 06:00:00,23004KT 200V260 9000 FEW050 15/14 Q1014 NOSIG,vrb01kt 9999 sct032 14 12 q1015 nosig,15003kt 9999 FG BKN050 M 14 12 q1015 vrb01kt 9999 sct032 14 12 q1015 nosig q1015 nosig q1015 nosig
2022-07-19 17:00:00,28012KT 250V330 9999 SCT045 20/14 Q1021 NOSIG,27011kt 240v310 cavok 21 17 q1020 nosig,28011kt 9999 WM BKN010 M 20 16 q1021 27011kt 240v310 cavok 21 17 q1020 nosig q1021 nosig q1021 nosig
2022-06-12 12:00:00,VRB03KT CAVOK 28/22 Q1018 NOSIG,01005kt 300v090 cavok 25 19 q1018 nosig,01007kt 9999 WM FEW030 M 27 20 q1018 01005kt 300v090 cavok 25 19 q1018 nosig q1018 nosig q1018 nosig
2021-07-18 22:00:00,28006KT 0300 R19/1700D R01/0750D FG VV001 16/15 Q1018 NOSIG,35003kt 280v070 4000 0500w bcfg few001 15 15 q1012 tempo 0800,30007kt 800 FG BKN005 M 16 15 q1019 35003kt 280v070 4000 0500w bcfg few001 15 15 q1012 tempo 0800
2019-10-06 20:00:00,28003KT 230V340 CAVOK 16/14 Q1023 NOSIG,27006kt cavok 16 14 q1022 nosig,28007kt 9999 WM MNClD M 15 13 q1022 27006kt cavok 16 14 q1022 nosig q1021 nosig q1021 nosig q1021
2020-01-05 10:00:00,21007KT 0200 R19/0300N R01/0200N FG VV001 03/03 Q1032 TEMPO 0800 BCFG VV001,22004kt 190v250 0150 r19 p2000 r01 0325d fg sct046 04 03,17005kt 800 FG NSC005 M 04 02 q1031 22004kt 190v250 0150 r19 p2000 r01 0325d fg sct046 04 03
2019-03-21 05:00:00,23005KT 200V260 CAVOK 08/06 Q1026 NOSIG,21004kt 160v320 cavok 08 04 q1026 nosig,13003kt 9999 WM MNClD M 09 04 q1027 21004kt 160v320 cavok 08 04 q1026 nosig q1027 nosig q1027 nosig
2018-06-29 07:00:00,21007KT 9000 NSC 18/16 Q1010 NOSIG,36006kt 320v050 6000 bcfg bkn006 ovc014 18 17 q1009 redz ws,13001kt 9999 FG BKN005 BKN 17 16 q1010 36006kt 320v050 6000 bcfg bkn006 ovc014 18 17 q1009 redz ws
2021-02-18 09:00:00,24005KT 190V290 6000 RA SCT006 BKN020 09/08 Q1014 TEMPO 3000 RA,18003kt 120v240 9999 sct008 bkn015 11 10 q1014 tempo 3000 radz,27009kt 9999 RA FEW040 BKN 10 09 q1014 18003kt 120v240 9999 sct008 bkn015 11 10 q1014 tempo 3000 radz
2020-08-18 23:00:00,19010KT 140V210 9999 FEW010 SCT017 BKN022 19/18 Q1013 NOSIG,vrb09kt 9999 sct035 sct054 18 16 q1011 nosig,16009kt 9999 WM FEW030 SCT 19 17 q1013 vrb09kt 9999 sct035 sct054 18 16 q1011 nosig 1500 bkn005 bkn010
2019-07-11 11:00:00,VRB02KT CAVOK 30/18 Q1016 NOSIG,27009kt 240v300 cavok 27 17 q1016 nosig,27009kt 9999 WM M020 M 27 17 q1016 27009kt 240v300 cavok 27 17 q1016 nosig q1016 nosig q1015 nosig
2019-08-10 09:00:00,22003KT 120V280 9999 FEW003 FEW016TCU SCT028 18/17 Q1022 NOSIG,03007kt 330v100 9999 sct040 few045tcu 19 16 q1023 nosig,10003kt 9999 WM SCT040 FEW 18 14 q1022 03007kt 330v100 9999 sct040 few045tcu 19 16 q1023 nosig vrb09g19kt 15
2022-02-14 21:00:00,VRB02KT CAVOK 07/05 Q1027 NOSIG,vrb02kt 9999 bkn030 09 06 q1028 nosig,35001kt 9999 WM FEW030 M 07 05 q1027 vrb02kt 9999 bkn030 09 06 q1028 nosig q1027 nosig q1027 tempo
2018-09-30 02:00:00,00000KT CAVOK 16/14 Q1017 NOSIG,vrb02kt 0600 r19 1700d r01 0400d fg vv001 16 16 q1017,28001kt 800 FG NCDNClD M 16 15 q1017 vrb02kt 0600 r19 1700d r01 0400d fg vv001 16 16 q1017
2020-03-13 06:00:00,36005KT CAVOK 07/05 Q1020 NOSIG,vrb02kt cavok 09 06 q1020 nosig,01003kt 9999 WM BKN035 M 08 06 q1020 vrb02kt cavok 09 06 q1020 nosig 0800 bkn003 09 08 q1021
2021-08-03 10:00:00,05004KT 350V140 9999 SCT048 20/13 Q1019 NOSIG,vrb02kt cavok 21 16 q1020 nosig,32005kt 9999 WM FEW030 M 21 15 q1020 vrb02kt cavok 21 16 q1020 nosig q1021 nosig q1021 nosig q1021
2022-09-15 22:00:00,VRB01KT CAVOK 19/18 Q1017 NOSIG,vrb02kt cavok 19 17 q1016 nosig,02005kt 9999 WM M030 M 19 17 q1016 vrb02kt cavok 19 17 q1016 nosig q1016 nosig q1015 nosig q1016
2022-09-09 01:00:00,00000KT 9999 BKN013 17/17 Q1020 NOSIG,vrb02kt cavok 16 15 q1020 nosig,02001kt 9999 WM MNClD M 16 15 q1020 vrb02kt cavok 16 15 q1020 nosig 26014kt 16 14 q1020 nosig
2019-04-28 20:00:00,33003KT 300V010 CAVOK 17/10 Q1020 NOSIG,vrb02kt cavok 16 08 q1020 nosig,35003kt 9999 WM MNClD M 16 10 q1020 vrb02kt cavok 16 08 q1020 nosig q1018 nosig q1021 nosig q1021
2020-03-13 12:00:00,36011KT 330V050 CAVOK 14/09 Q1022 NOSIG,03009kt 010v070 cavok 17 09 q1020 nosig,07003kt 9999 WM BKN035 M 16 10 q1020 03009kt 010v070 cavok 17 09 q1020 nosig q1019 nosig 4000 br
2021-05-23 19:00:00,23007KT 190V270 9999 SCT024 BKN033 14/09 Q1021 NOSIG,22008kt 190v250 9999 bkn016 bkn022 13 11 q1021 tempo 3000 br,23005kt 9999 RA BKN040 BKN 12 10 q1021 22008kt 190v250 9999 bkn016 bkn022 13 11 q1021 tempo 3000 br
2021-05-25 10:00:00,02005KT 320V110 CAVOK 16/08 Q1027 NOSIG,vrb02kt cavok 17 11 q1027 nosig,07003kt 9999 WM SCT030 M 17 09 q1027 vrb02kt cavok 17 11 q1027 nosig q1027 nosig q1027 nosig q1025
2019-10-29 14:00:00,18003KT 140V220 2000 0600E R01/1400D BCFG -RA BKN002 BKN010 BKN017 17/16 Q1017 TEMPO 0800 FG BKN003,19005kt 110v230 9999 sct018 bkn050 18 16 q1019 nosig,17011kt 9999 WM SCT030 BKN 19 15 q1018 19005kt 110v230 9999 sct018 bkn050 18 16 q1019 nosig q1018 tempo
2018-10-05 23:00:00,VRB02KT CAVOK 13/11 Q1017 NOSIG,vrb02kt cavok 13 11 q1017 nosig,29003kt 9999 WM MNClD M 13 11 q1017 vrb02kt cavok 13 11 q1017 nosig q1016 nosig 1500 bcfg ra
2021-01-10 15:00:00,05014G24KT 350V100 9999 FEW030 09/M01 Q1018 NOSIG,07010kt 010v110 9999 few043 09 01 q1019 nosig,01015kt 9999 WM FEW040 M 09 00 q1018 07010kt 010v110 9999 few043 09 01 q1019 nosig q1018 nosig 1500
2022-10-06 22:00:00,00000KT CAVOK 19/16 Q1022 NOSIG,vrb04kt cavok 21 14 q1022 nosig,12003kt 9999 WM MNClD M 19 14 q1022 vrb04kt cavok 21 14 q1022 nosig q1021 nosig q1021 nosig 34009kt
2022-07-27 03:00:00,04005KT 350V080 CAVOK 15/13 Q1017 NOSIG,vrb02kt cavok 15 14 q1017 nosig,02005kt 9999 WM OVCNClD M 15 13 q1017 vrb02kt cavok 15 14 q1017 nosig 1500 bcfg bkn002 16 16
2020-07-05 17:00:00,35010KT 320V030 9999 FEW025 31/19 Q1019 NOSIG,36009kt 320v030 9999 few016 ovc026 23 18 q1019 nosig,35015kt 9999 WM BKN010 M 30 19 q1019 36009kt 320v030 9999 few016 ovc026 23 18 q1019 nosig q1018 nosig
2020-03-27 05:00:00,VRB02KT CAVOK 04/01 Q1010 NOSIG,24005kt 210v270 cavok 05 m02 q1009 nosig,12005kt 9999 WM MNClD M 05 00 q1009 24005kt 210v270 cavok 05 m02 q1009 nosig q1009 nosig q1009 nosig
2020-05-22 08:00:00,VRB04KT 1500 BCFG BKN002 16/15 Q1025 BECMG 4000,19006kt 160v220 9999 sct018 bkn026 16 14 q1026 nosig,15005kt 9999 FG OVC015 BKN 16 14 q1025 19006kt 160v220 9999 sct018 bkn026 16 14 q1026 nosig q1025 nosig
2020-10-31 05:00:00,19008KT 120V230 0300 R19/1900U R01/0375N FG VV001 14/14 Q1023 NOSIG,20009kt 160v220 0500 r19 p2000 r01 0450n fg vv001 14 14,14007kt 800 FG BKN020 M 14 13 q1023 20009kt 160v220 0500 r19 p2000 r01 0450n fg vv001 14 14
2019-08-24 02:00:00,28003KT 220V340 3000 BCFG BKN005 17/16 Q1018 TEMPO 0800 FG,vrb02kt 9999 bcfg sct011 bkn022 16 15 q1018 nosig,28005kt 9999 FG BKN010 M 16 15 q1018 vrb02kt 9999 bcfg sct011 bkn022 16 15 q1018 nosig q1018 nosig
2022-03-01 21:00:00,VRB02KT 9999 FEW015 BKN020 BKN034 10/09 Q1023 NOSIG,24005kt 200v280 9999 sct019 bkn022 bkn032 10 08 q1024 nosig,27007kt 9999 WM FEW020 BKN 10 08 q1024 24005kt 200v280 9999 sct019 bkn022 bkn032 10 08 q1024 nosig all
2021-11-23 14:00:00,08009G21KT 030V120 9999 FEW038 BKN045 14/06 Q1015 NOSIG,03009kt 330v080 9999 sct026 13 06 q1015 nosig,03013kt 9999 WM FEW025 M 13 06 q1015 03009kt 330v080 9999 sct026 13 06 q1015 nosig q1015 nosig q1035
2019-05-16 11:00:00,30009KT 250V350 8000 SCT017 SCT025 BKN033 14/11 Q1015 NOSIG,28005g15kt 170v330 9999 few038 13 11 q1015 nosig,30011kt 9999 WM SCT025 BKN 14 12 q1015 28005g15kt 170v330 9999 few038 13 11 q1015 nosig 23003kt nosig tempo
2020-02-16 19:00:00,21018G28KT 160V250 5000 -DZRA SCT009 BKN014 15/14 Q1023 TEMPO 0300 DZRA VV001,21010kt 170v240 3000 0500e ra bcfg bkn003 bkn009 13 13 q1021,21015kt 3000 RA SCT025 BKN 14 13 q1022 21010kt 170v240 3000 0500e ra bcfg bkn003 bkn009 13 13 q1021
2018-10-27 03:00:00,03014G25KT 330V080 9999 FEW030 10/04 Q1017 NOSIG,03012g25kt 300v100 9999 few045 10 05 q1017 nosig,01019kt 9999 WM FEW040 M 09 05 q1017 03012g25kt 300v100 9999 few045 10 05 q1017 nosig 1500 bcfg bkn005
2020-01-23 10:00:00,19005KT 140V230 9999 SCT030 07/03 Q1017 NOSIG,19005kt 140v220 cavok 10 04 q1016 nosig,15005kt 9999 WM MNClD M 09 04 q1016 19005kt 140v220 cavok 10 04 q1016 nosig 1500 bcfg bkn002 bkn010
2019-08-29 05:00:00,VRB01KT 9000 0500N R19/0550D BCFG VV001 13/13 Q1019 TEMPO 0350 FG,vrb02kt 0600 r19 0600n r01 0700u fg vv001 14 14 q1019,18001kt 800 FG NSC005 M 15 14 q1019 vrb02kt 0600 r19 0600n r01 0700u fg vv001 14 14 q1019
2020-09-22 16:00:00,19007KT 130V250 9999 FEW018 SCT043 20/17 Q1014 TEMPO 3000 SHRA SCT025TCU,vrb02kt 9999 sct018 21 17 q1014 nosig,30003kt 9999 WM SCT050 SCT 19 16 q1014 vrb02kt 9999 sct018 21 17 q1014 nosig q1015 nosig q1015 nosig
2019-02-26 20:00:00,35003KT 260V030 CAVOK 16/05 Q1023 NOSIG,vrb02kt cavok 13 09 q1024 nosig,17001kt 9999 WM MNClD M 14 08 q1024 vrb02kt cavok 13 09 q1024 nosig q1025 nosig 1500 bcfg bkn003
2021-03-19 08:00:00,VRB01KT CAVOK 08/02 Q1021 NOSIG,24004kt 210v270 cavok 07 04 q1024 nosig,24001kt 9999 WM FEW005 M 07 03 q1023 24004kt 210v270 cavok 07 04 q1024 nosig 34003kt 1000 tempo nsc
2020-01-22 08:00:00,06003KT 010V150 CAVOK 09/03 Q1020 NOSIG,vrb01kt 9999 sct030 08 07 q1019 tempo 3000 ra bkn010 sct020cb,05007kt 9999 WM BKN040 M 06 03 q1019 vrb01kt 9999 sct030 08 07 q1019 tempo 3000 ra bkn010 sct020cb
2019-07-10 21:00:00,33003KT 290V020 CAVOK 23/12 Q1016 NOSIG,vrb02kt cavok 21 16 q1016 nosig,35005kt 9999 WM MNClD M 22 14 q1016 vrb02kt cavok 21 16 q1016 nosig q1016 nosig q1015 nosig q1016
2019-06-17 18:00:00,25011KT CAVOK 17/13 Q1014 NOSIG,23007kt cavok 19 12 q1015 nosig,27007kt 9999 WM MNClD M 18 11 q1014 23007kt cavok 19 12 q1015 nosig q1015 nosig q1015 nosig q1015
2020-02-18 19:00:00,02003KT 9999 FEW051 09/06 Q1034 NOSIG,36006kt 320v070 cavok 10 06 q1036 nosig,35007kt 9999 WM FEW035 M 09 05 q1034 36006kt 320v070 cavok 10 06 q1036 nosig 1500 160v220 1200 bcfg
2021-03-10 16:00:00,19008KT 140V220 0100 R19/0750N R01/0250N DZ FG VV001 10/10 Q1023 TEMPO 0800 BCFG BKN003,18007kt 130v230 8000 dz sct012 ovc027 12 12 q1024 tempo 3000,20009kt 9999 DZ FEW025 OVC 13 11 q1024 18007kt 130v230 8000 dz sct012 ovc027 12 12 q1024 tempo 3000
2018-10-29 19:00:00,19006KT 150V220 9999 -RA BKN034 OVC042 08/06 Q1004 NOSIG,18007kt 140v230 5000 ra br sct003 bkn009 ovc018 07 07 q1004,16015kt 5000 RA SCT050 OVC 08 07 q1002 18007kt 140v230 5000 ra br sct003 bkn009 ovc018 07 07 q1004
2019-02-08 16:00:00,19012KT 0500 R19/1200N R01/0450D -RA BCFG VV001 09/09 Q1021 NOSIG,18008kt 140v210 0100 r19 0400d r01 0200n fg vv001 10 10,21009kt 800 FG FEW025 M 11 09 q1021 18008kt 140v210 0100 r19 0400d r01 0200n fg vv001 10 10
2021-01-14 23:00:00,35003KT 240V010 9000 FEW008 OVC050 08/08 Q1031 NOSIG,22006kt 9999 bkn042 ovc050 08 08 q1031 nosig,15003kt 9999 WM BKN015 OVC 07 06 q1030 22006kt 9999 bkn042 ovc050 08 08 q1031 nosig q1030 nosig q1030
2021-05-10 21:00:00,VRB02KT 9999 SCT030 08/07 Q1014 NOSIG,vrb02kt 9999 sct038 bkn050 09 07 q1014 nosig,32003kt 9999 WM FEW030 BKN 09 07 q1014 vrb02kt 9999 sct038 bkn050 09 07 q1014 nosig 1000 nosig 0150
2018-08-02 12:00:00,17003KT 060V220 CAVOK 34/22 Q1015 NOSIG,25005kt 220v280 cavok 34 24 q1016 nosig,21003kt 9999 WM MNClD M 34 21 q1016 25005kt 220v280 cavok 34 24 q1016 nosig q1015 nosig q1015 nosig
2022-10-29 11:00:00,17005KT 100V220 9999 SCT022 SCT031 16/14 Q1016 NOSIG,22008kt 190v260 1400 r19 1900d r01 1700d ra bcfg vv001 15,22013kt 1500 RA SCT030 SCT 15 14 q1016 22008kt 190v260 1400 r19 1900d r01 1700d ra bcfg vv001 15
2022-09-10 06:00:00,24005KT 210V280 CAVOK 16/15 Q1018 NOSIG,22004kt cavok 17 14 q1018 nosig,16003kt 9999 WM MNClD M 16 15 q1018 22004kt cavok 17 14 q1018 nosig q1018 nosig sct040cb 16 14
2019-02-27 20:00:00,22004KT 180V280 CAVOK 10/07 Q1030 NOSIG,21005kt 170v240 cavok 10 08 q1032 nosig,20003kt 9999 WM BKNNClD M 10 08 q1030 21005kt 170v240 cavok 10 08 q1032 nosig 23004kt tempo 3000 shra
2021-10-31 21:00:00,33007KT 280V010 3000 -RA BR BKN004 BKN010 BKN016 14/13 Q1012 NOSIG,24010kt 190v280 3000 ra bcfg sct004 bkn012 ovc024 13 13 q1011,27007kt 3000 RA SCT050 BKN 14 13 q1011 24010kt 190v280 3000 ra bcfg sct004 bkn012 ovc024 13 13 q1011
2018-07-09 17:00:00,03003KT 9999 FEW030TCU 28/23 Q1019 NOSIG,28007kt 200v340 cavok 30 18 q1019 nosig,28011kt 9999 WM MNClD M 29 18 q1019 28007kt 200v340 cavok 30 18 q1019 nosig q1018 nosig q1035 nosig
2021-02-12 19:00:00,19006KT 9999 FEW022 11/09 Q1024 NOSIG,18007kt 140v210 8000 bkn036 bkn042 12 07 q1023 nosig,15007kt 800 WM BKN030 BKN 11 09 q1023 18007kt 140v210 8000 bkn036 bkn042 12 07 q1023 nosig q1025 nosig
2021-08-11 12:00:00,27006KT 210V320 CAVOK 26/19 Q1018 NOSIG,vrb02kt cavok 27 18 q1018 nosig,28009kt 9999 WM MNClD M 25 17 q1018 vrb02kt cavok 27 18 q1018 nosig q1018 nosig q1018 nosig q1018
2022-06-09 13:00:00,25009KT 220V290 CAVOK 23/19 Q1022 NOSIG,vrb04kt cavok 29 19 q1022 nosig,30007kt 9999 WM M020 M 26 17 q1022 vrb04kt cavok 29 19 q1022 nosig sct018 bkn024 14 12 q1021
2020-11-29 23:00:00,04003KT 350V110 CAVOK 14/07 Q1017 NOSIG,23007kt 200v260 cavok 12 10 q1018 nosig,09005kt 9999 WM NSCNClD M 12 09 q1018 23007kt 200v260 cavok 12 10 q1018 nosig q1018 nosig 1500 bcfg
2019-08-10 12:00:00,28007KT 220V350 9999 SCT028 21/13 Q1022 NOSIG,27008kt 240v300 9999 few025 20 16 q1023 nosig,28009kt 9999 WM SCT040 M 21 14 q1023 27008kt 240v300 9999 few025 20 16 q1023 nosig 28012kt 19 q1022
2020-04-09 08:00:00,VRB04KT 0100 R19/P2000 R01/0200N RA FG VV001 14/14 Q1016 NOSIG,18006kt 130v230 0300 r19 1500d r01 0450n fg vv001 13 13,16005kt 800 RA NSC015 M 13 13 q1016 18006kt 130v230 0300 r19 1500d r01 0450n fg vv001 13 13
2020-04-21 22:00:00,01006KT 330V070 9999 SCT020 BKN050 12/10 Q1017 NOSIG,01008kt 330v070 9999 sct038 13 09 q1017 nosig,35009kt 9999 WM SCT015 M 11 09 q1016 01008kt 330v070 9999 sct038 13 09 q1017 nosig q1017 nosig 1500
2020-03-25 22:00:00,28005KT 250V320 5000 BR BKN002 10/10 Q1016 TEMPO 3000 BCFG,29006kt 230v340 cavok 12 09 q1018 nosig,30003kt 9999 WM FEW015 M 11 08 q1018 29006kt 230v340 cavok 12 09 q1018 nosig 1500 bcfg bkn005 bkn011
2019-01-24 05:00:00,33011KT 300V360 7000 BKN013 OVC018 12/10 Q1017 NOSIG,01006kt 340v070 9999 bkn028 12 11 q1017 nosig,32011kt 9999 WM BKN015 OVC 12 11 q1017 01006kt 340v070 9999 bkn028 12 11 q1017 nosig 28012kt 15 12
2019-07-01 14:00:00,01005KT 330V090 9999 FEW034 OVC040 24/16 Q1019 NOSIG,34007kt 290v010 9999 few027 25 18 q1018 nosig,35013kt 9999 WM FEW025 M 25 17 q1018 34007kt 290v010 9999 few027 25 18 q1018 nosig 28012kt 17 14
2021-02-03 15:00:00,21014KT 170V250 9999 BKN026 FEW030CB 13/08 Q1009 TEMPO 3000 SHRA BKN025CB,19010kt 9999 few030 bkn042 12 09 q1009 nosig,20015kt 9999 WM FEW030 FEW 12 08 q1009 19010kt 9999 few030 bkn042 12 09 q1009 nosig 5000 br bkn010
2020-12-07 04:00:00,31006KT 270V340 9999 BKN012 11/08 Q1010 NOSIG,27008kt 240v320 3000 ra br ovc003 12 11 q1011 rera tempo,29015kt 9999 RA FEW030 BKN 11 10 q1010 27008kt 240v320 3000 ra br ovc003 12 11 q1011 rera tempo
2021-11-28 07:00:00,35002KT 9999 BCFG BKN040 05/04 Q1022 NOSIG,36005kt 9999 few040 03 02 q1020 q1026 nosig,33005kt 9999 WM FEW040 M 04 04 q1021 36005kt 9999 few040 03 02 q1020 q1026 nosig q1025 nosig q1027
2021-10-02 19:00:00,21013KT 170V230 3000 RA BR BKN008 BKN013 BKN018 18/18 Q1008 NOSIG,21017kt 180v250 9999 bkn026 bkn032 19 18 q1009 nosig,21017kt 3000 RA FEW030 BKN 18 17 q1009 21017kt 180v250 9999 bkn026 bkn032 19 18 q1009 nosig 3000 sct004
2020-01-03 03:00:00,18007KT 130V210 9000 SCT022 BKN030 10/08 Q1030 NOSIG,18007kt 130v230 9999 few022 ovc052 11 09 q1031 nosig,14007kt 9999 WM OVC020 BKN 09 08 q1030 18007kt 130v230 9999 few022 ovc052 11 09 q1031 nosig q1030 nosig
2018-06-06 12:00:00,27006KT 200V300 9999 BKN016 BKN044 18/15 Q1017 NOSIG,29006kt 240v330 9999 few015 sct039 bkn050 18 14 q1016 nosig,29009kt 9999 WM SCT025 BKN 19 14 q1016 29006kt 240v330 9999 few015 sct039 bkn050 18 14 q1016 nosig q1016
2019-06-22 14:00:00,26005KT 170V300 CAVOK 23/11 Q1013 NOSIG,20013kt 120v240 cavok 25 14 q1014 nosig,18009kt 9999 WM MNClD M 23 12 q1014 20013kt 120v240 cavok 25 14 q1014 nosig q1013 nosig q1015 nosig
2018-10-02 21:00:00,07003KT 020V170 CAVOK 23/04 Q1022 NOSIG,vrb02kt cavok 19 07 q1022 nosig,08007kt 9999 WM MNClD M 18 07 q1023 vrb02kt cavok 19 07 q1022 nosig q1024 nosig q1022 nosig q1023
2022-10-15 19:00:00,20008KT 140V230 9999 BKN006 BKN010 17/16 Q1014 TEMPO 3000 RADZ BKN005,21013kt 6000 bkn009 bkn012 17 16 q1014 tempo 3000 ra bkn005,18007kt 9999 WM FEW005 BKN 16 16 q1014 21013kt 6000 bkn009 bkn012 17 16 q1014 tempo 3000 ra bkn005
2022-08-01 13:00:00,05004KT 340V110 CAVOK 35/18 Q1016 NOSIG,25008kt 220v290 cavok 33 18 q1016 nosig,28007kt 9999 WM MNClD M 34 19 q1016 25008kt 220v290 cavok 33 18 q1016 nosig q1016 nosig q1015 reshra
2020-01-13 02:00:00,23007KT 9000 2500S BCFG FEW048 06/05 Q1026 TEMPO 0800 BCFG,21007kt 9999 1500e bcfg vv001 04 04 q1025 nosig,14005kt 9999 FG FEW040 M 05 02 q1026 21007kt 9999 1500e bcfg vv001 04 04 q1025 nosig q1027 tempo
2022-11-16 15:00:00,24014G32KT 200V290 3000 -RA BR OVC003 16/16 Q1006 RERA TEMPO 1500 RA,23013g28kt 190v270 8000 ra bcfg ovc003 16 16 q1007 nosig,25019kt 3000 RA BKN025 M 16 16 q1006 23013g28kt 190v270 8000 ra bcfg ovc003 16 16 q1007 nosig 3000
2022-12-29 15:00:00,25003KT 220V280 2100 DZ BCFG SCT001 BKN003 BKN004 11/11 Q1018 TEMPO 1400 RA,20004kt 160v240 3000 br ra bkn010 bkn020 bkn025 12 11 q1017,14003kt 3000 RA FEW030 BKN 12 11 q1017 20004kt 160v240 3000 br ra bkn010 bkn020 bkn025 12 11 q1017
2021-07-27 01:00:00,36004KT 330V030 CAVOK 16/14 Q1018 NOSIG,03004kt 330v070 cavok 16 14 q1018 nosig,36007kt 9999 WM SCT015 M 15 14 q1018 03004kt 330v070 cavok 16 14 q1018 nosig q1018 nosig 1500 bcfg
2021-11-30 21:00:00,VRB01KT 9999 SCT016 BKN037 09/08 Q1028 NOSIG,22005kt 180v260 7000 nsc 09 08 q1027 tempo 3000 br vv001,18001kt 9999 WM BKN030 M 09 07 q1027 22005kt 180v260 7000 nsc 09 08 q1027 tempo 3000 br vv001
2018-09-27 09:00:00,21005KT 170V240 CAVOK 23/17 Q1026 NOSIG,21004kt 130v260 cavok 22 09 q1025 nosig,17005kt 9999 WM MNClD M 21 16 q1026 21004kt 130v260 cavok 22 09 q1025 nosig q1028 nosig q1027 nosig
2018-07-25 20:00:00,VRB03KT CAVOK 20/18 Q1016 NOSIG,28008kt 9999 bkn039 18 16 q1016 nosig,29009kt 9999 WM FEW050 M 19 17 q1016 28008kt 9999 bkn039 18 16 q1016 nosig q1016 nosig q1015 nosig
2018-07-02 05:00:00,19004KT 150V230 0700 R19/P2000 R01/0600N FG VV001 16/16 Q1011 TEMPO 0350,18007kt 140v210 0300 r19 0700d r01 0400n fg vv001 16 16,18005kt 800 FG SCT025 M 16 15 q1011 18007kt 140v210 0300 r19 0700d r01 0400n fg vv001 16 16
2019-09-17 23:00:00,26004KT CAVOK 17/16 Q1016 NOSIG,vrb02kt cavok 17 16 q1016 nosig,30001kt 9999 WM MNClD M 18 16 q1016 vrb02kt cavok 17 16 q1016 nosig q1016 nosig q1015 nosig q1015
2018-11-15 04:00:00,23007KT CAVOK 12/10 Q1014 NOSIG,23006kt 210v270 cavok 12 09 q1013 nosig,14003kt 9999 WM MNClD M 12 09 q1014 23006kt 210v270 cavok 12 09 q1013 nosig 0350 r19 1400u r01
2020-10-06 17:00:00,26005KT 9999 FEW011 BKN032 17/15 Q1025 NOSIG,26006kt 210v310 0600 r19 p2000 r01 p2000 br bcfg bkn004 bkn010,28005kt 3000 DZ FEW030 BKN 17 17 q1024 26006kt 210v310 0600 r19 p2000 r01 p2000 br bcfg bkn004 bkn010
2022-09-27 21:00:00,36007KT 9999 SCT030 17/11 Q1022 NOSIG,05004kt 350v100 9999 few005 sct012 bkn030 16 16 q1022 nosig,33005kt 9999 WM BKN005 SCT 16 14 q1023 05004kt 350v100 9999 few005 sct012 bkn030 16 16 q1022 nosig q1024
2019-02-16 06:00:00,24007KT 210V270 CAVOK 09/05 Q1023 NOSIG,vrb02kt cavok 09 05 q1023 nosig,16003kt 9999 WM NSCNClD M 09 05 q1023 vrb02kt cavok 09 05 q1023 nosig all bkn036 07 q1029 q1022
2022-12-08 17:00:00,18004KT 120V220 9999 FEW012 SCT021 12/10 Q0996 NOSIG,17005kt 080v220 9999 few015 sct032 13 11 q0995 tempo 3000 ra,18007kt 9999 WM FEW030 SCT 12 11 q0996 17005kt 080v220 9999 few015 sct032 13 11 q0995 tempo 3000 ra
2019-10-11 16:00:00,26007KT 220V320 CAVOK 19/14 Q1016 NOSIG,vrb04kt cavok 21 12 q1015 nosig,27007kt 9999 WM MNClD M 20 13 q1015 vrb04kt cavok 21 12 q1015 nosig q1015 nosig q1015 nosig q1015
2021-07-15 17:00:00,01008KT 340V060 CAVOK 30/18 Q1017 NOSIG,vrb02kt cavok 31 17 q1015 nosig,27005kt 9999 WM MNClD M 31 16 q1016 vrb02kt cavok 31 17 q1015 nosig q1016 nosig q1015 nosig q1016
2018-11-28 08:00:00,18011KT 140V210 9999 FEW022 BKN041 11/07 Q1021 NOSIG,19009kt 9999 sct014 bkn053 09 06 q1021 tempo 3000 radz bkn010,17013kt 9999 WM FEW030 BKN 09 07 q1021 19009kt 9999 sct014 bkn053 09 06 q1021 tempo 3000 radz bkn010
2022-04-11 09:00:00,21010KT 8000 -RA FEW020 SCT025 BKN040 12/11 Q1001 NOSIG,19014kt 100v240 8000 2000s bcfg ra vv001 12 11 q1001 tempo,16013kt 9999 RA FEW030 BKN 11 11 q1002 19014kt 100v240 8000 2000s bcfg ra vv001 12 11 q1001 tempo
2018-04-25 18:00:00,02012KT 340V060 CAVOK 17/09 Q1020 NOSIG,01014g24kt 340v100 9999 sct045 17 06 q1020 nosig,00017kt 9999 WM FEWNClD M 17 07 q1020 01014g24kt 340v100 9999 sct045 17 06 q1020 nosig q1018 nosig q1021
2018-05-16 14:00:00,01005KT 330V080 CAVOK 25/09 Q1015 NOSIG,vrb03kt cavok 24 09 q1016 nosig,09007kt 9999 WM FEW040 M 24 09 q1016 vrb03kt cavok 24 09 q1016 nosig q1016 nosig q1015 nosig q1016
2022-05-21 18:00:00,02004KT 340V070 CAVOK 22/16 Q1013 NOSIG,27007kt 240v300 cavok 23 16 q1012 nosig,28011kt 9999 WM MNClD M 22 16 q1012 27007kt 240v300 cavok 23 16 q1012 nosig 0800 bcfg nosig q1013
2019-06-26 13:00:00,VRB06KT 9999 SCT018 BKN026 BKN046 20/16 Q1017 NOSIG,26010kt 200v300 9999 few018 sct025 bkn044 18 14 q1016 nosig,27011kt 9999 WM SCT030 SCT 20 14 q1017 26010kt 200v300 9999 few018 sct025 bkn044 18 14 q1016 nosig q1016
2018-07-22 06:00:00,03003KT 360V060 CAVOK 17/15 Q1016 NOSIG,vrb02kt cavok 16 15 q1016 nosig,04003kt 9999 WM BKN005 M 16 15 q1016 vrb02kt cavok 16 15 q1016 nosig 1500 br bkn002 16 16
2022-01-21 03:00:00,20005KT 140V240 CAVOK 06/03 Q1026 NOSIG,22006kt 200v260 cavok 07 02 q1026 nosig,16007kt 9999 WM OVCNClD M 06 02 q1026 22006kt 200v260 cavok 07 02 q1026 nosig q1025 nosig q1025 nosig
2022-09-23 13:00:00,05005KT 330V110 CAVOK 23/13 Q1019 NOSIG,27009kt 230v300 cavok 23 15 q1019 nosig,29011kt 9999 WM FEW020 M 22 14 q1019 27009kt 230v300 cavok 23 15 q1019 nosig q1019 nosig 0800 bcfg
2020-02-08 04:00:00,17004KT 100V240 5000 BR SCT006 BKN045 10/10 Q1022 RERA TEMPO 1500 RA BKN005,22008kt 190v280 2000 br bkn004 bkn012 09 09 q1021 tempo 0800,23007kt 3000 BR FEW035 BKN 10 09 q1021 22008kt 190v280 2000 br bkn004 bkn012 09 09 q1021 tempo 0800
2018-07-22 16:00:00,27010KT 240V300 9999 FEW030 27/17 Q1015 NOSIG,28010kt 240v310 cavok 26 17 q1015 nosig,28011kt 9999 WM FEW040 M 26 16 q1015 28010kt 240v310 cavok 26 17 q1015 nosig q1015 nosig q1016 nosig
2019-02-12 16:00:00,25007KT 220V300 CAVOK 15/06 Q1029 NOSIG,36003kt 330v050 cavok 17 04 q1028 nosig,29005kt 9999 WM MNClD M 15 04 q1029 36003kt 330v050 cavok 17 04 q1028 nosig q1030 nosig q1028 nosig
2018-07-23 12:00:00,26006KT 220V310 9999 FEW030 25/18 Q1015 NOSIG,29005kt 260v330 9999 few020 26 17 q1016 nosig,29005kt 9999 WM FEW030 M 25 17 q1016 29005kt 260v330 9999 few020 26 17 q1016 nosig q1016 nosig q1015
2021-06-16 10:00:00,19008KT 080V230 CAVOK 25/17 Q1012 NOSIG,vrb02kt cavok 23 19 q1011 nosig,26003kt 9999 WM FEW005 M 22 18 q1012 vrb02kt cavok 23 19 q1011 nosig q1018 nosig becmg bcfg sct004
2018-10-10 09:00:00,21007KT CAVOK 16/07 Q1004 NOSIG,20005kt 110v260 cavok 16 09 q1004 nosig,15005kt 9999 WM MNClD M 15 09 q1004 20005kt 110v260 cavok 16 09 q1004 nosig 1000 nosig 5000 ra
2020-11-11 07:00:00,21010KT 9000 NSC 09/08 Q1021 TEMPO 1500 BCFG,22008kt 9999 bcfg nsc 11 10 q1022 tempo 3000 ra bkn012,17005kt 9999 FG FEW030 M 10 09 q1022 22008kt 9999 bcfg nsc 11 10 q1022 tempo 3000 ra bkn012
2018-04-01 02:00:00,16008KT 110V230 9999 BKN034 BKN050 10/07 Q1014 NOSIG,21013kt 170v250 6000 ra few009 bkn022 bkn036 11 08 q1013 nosig,13011kt 9999 WM MNClD BKN 10 06 q1014 21013kt 170v250 6000 ra few009 bkn022 bkn036 11 08 q1013 nosig
2018-02-08 12:00:00,VRB01KT CAVOK 08/01 Q1025 NOSIG,vrb02kt 9999 bkn034 08 01 q1025 nosig,10003kt 9999 WM FEW040 M 08 02 q1024 vrb02kt 9999 bkn034 08 01 q1025 nosig vrb09g19kt 04 q1029 nosig
2018-07-21 04:00:00,02003KT CAVOK 13/13 Q1019 NOSIG,vrb02kt cavok 13 12 q1019 nosig,00005kt 9999 WM BKNNClD M 14 13 q1019 vrb02kt cavok 13 12 q1019 nosig q1018 nosig q1019 nosig q1019
2020-04-26 12:00:00,20011KT 160V230 9999 FEW024 BKN050 15/10 Q1013 NOSIG,20010kt 9999 sct021 bkn028 14 11 q1011 nosig,18009kt 9999 WM M045 BKN 15 11 q1012 20010kt 9999 sct021 bkn028 14 11 q1011 nosig 3000 ra bkn003
2020-03-27 16:00:00,27013KT CAVOK 13/04 Q1011 NOSIG,29008kt 240v320 cavok 13 05 q1011 nosig,29011kt 9999 WM M050 M 13 04 q1011 29008kt 240v320 cavok 13 05 q1011 nosig 3000 shra sct025tcu sct020tcu
2019-08-16 13:00:00,26009KT 230V300 CAVOK 23/16 Q1020 NOSIG,07005kt 360v140 cavok 26 16 q1021 nosig,29011kt 9999 WM FEW030 M 23 16 q1020 07005kt 360v140 cavok 26 16 q1021 nosig q1019 nosig 32004kt r01
2019-08-29 21:00:00,34003KT CAVOK 19/16 Q1020 NOSIG,04005kt 010v070 9999 few021 23 18 q1019 nosig,01005kt 9999 WM BKN040 M 20 17 q1019 04005kt 010v070 9999 few021 23 18 q1019 nosig 28012kt 18 16
2021-07-08 06:00:00,VRB02KT CAVOK 13/11 Q1025 NOSIG,03006kt 350v060 cavok 14 11 q1026 nosig,01007kt 9999 WM FEW020 M 13 10 q1026 03006kt 350v060 cavok 14 11 q1026 nosig q1025 nosig 0800 bcfg
2020-10-19 23:00:00,19009KT 2000 R01/1400D DZ VV001 15/15 Q1007 TEMPO 1400 BCFG,18007kt 140v210 0100 r19 0650u r01 0275n fg vv001 13 13,19009kt 800 DZ FEW030 BKN 15 13 q1008 18007kt 140v210 0100 r19 0650u r01 0275n fg vv001 13 13
2018-07-09 16:00:00,26007KT 210V310 9999 FEW030TCU 28/21 Q1019 NOSIG,26008kt 230v290 cavok 30 20 q1018 nosig,28011kt 9999 WM MNClD M 29 19 q1019 26008kt 230v290 cavok 30 20 q1018 nosig q1018 nosig q1018 nosig
2022-01-23 04:00:00,25004KT 210V280 CAVOK 04/M01 Q1025 NOSIG,02003kt cavok 04 m03 q1024 nosig,15003kt 9999 WM MNClD M 03 -2 q1024 02003kt cavok 04 m03 q1024 nosig q1027 nosig q1027 nosig 32004kt
2019-02-11 14:00:00,02004KT 340V070 CAVOK 13/05 Q1030 NOSIG,vrb02kt 9999 sct045 14 04 q1029 nosig,29003kt 9999 WM FEW035 M 13 05 q1030 vrb02kt 9999 sct045 14 04 q1029 nosig q1030 nosig q1030 nosig
2022-11-05 20:00:00,20005KT 170V230 9999 BKN026 OVC042 13/11 Q1021 NOSIG,vrb02kt cavok 11 10 q1021 nosig,15003kt 9999 WM FEW050 M 12 10 q1021 vrb02kt cavok 11 10 q1021 nosig q1025 nosig 21004kt 3000 ra
2020-08-03 15:00:00,26013KT 230V320 9999 FEW040 22/17 Q1019 NOSIG,27009kt 230v300 cavok 23 17 q1020 nosig,29011kt 9999 WM BKN025 M 22 17 q1020 27009kt 230v300 cavok 23 17 q1020 nosig q1019 nosig 26012g26kt 14
2021-11-26 14:00:00,01008KT 330V070 9999 FEW030 SCT040 11/05 Q1017 NOSIG,02010kt 350v080 9999 sct029 bkn036 bkn044 12 08 q1017 nosig,33011kt 9999 WM SCT025 SCT 11 06 q1017 02010kt 350v080 9999 sct029 bkn036 bkn044 12 08 q1017 nosig q1018
2021-01-31 07:00:00,17005KT 120V210 0900 +RA FG VV006 11/11 Q1014 TEMPO 0300 RA FG VV001,26006kt 220v310 7000 2000se ra few002 13 13 q1015 nosig,25009kt 1500 RA BKN025 M 12 12 q1015 26006kt 220v310 7000 2000se ra few002 13 13 q1015 nosig q1015
2021-12-22 21:00:00,18012KT 150V210 9999 SCT027 BKN037 15/11 Q1013 NOSIG,16005kt 110v220 9999 bkn018 bkn025 13 10 q1011 nosig,14009kt 9999 WM M050 BKN 13 10 q1012 16005kt 110v220 9999 bkn018 bkn025 13 10 q1011 nosig 3000 ra
2022-02-03 23:00:00,22004KT 9999 OVC031 11/09 Q1023 NOSIG,21003kt 190v250 9999 few040 10 09 q1025 nosig,22005kt 9999 WM FEW025 M 10 09 q1024 21003kt 190v250 9999 few040 10 09 q1025 nosig q1025 nosig 20009g22kt
2020-09-27 12:00:00,36010KT 330V060 9999 BKN030 18/12 Q1020 NOSIG,01015kt 340v050 cavok 19 12 q1020 nosig,00009kt 9999 WM SCT040 M 19 12 q1020 01015kt 340v050 cavok 19 12 q1020 nosig q1019 nosig q1033 nosig
2020-12-21 08:00:00,18007KT 120V250 0300 R19/0750N R01/0375N -RA FG VV001 13/13 Q1025 NOSIG,18010kt 110v230 0200 r19 p2000 r01 0450n ra fg vv001 13,15011kt 800 RA BKN025 BKN 13 13 q1025 18010kt 110v230 0200 r19 p2000 r01 0450n ra fg vv001 13
2021-07-19 12:00:00,26005KT 210V300 5000 0800E BCFG BR OVC006 18/16 Q1016 NOSIG,vrb02kt 9999 bkn010 bkn025 21 18 q1016 nosig,28009kt 9999 FG OVC015 M 22 17 q1016 vrb02kt 9999 bkn010 bkn025 21 18 q1016 nosig q1016 nosig q1015
2022-02-08 03:00:00,19010KT 160V230 CAVOK 08/05 Q1028 NOSIG,23006kt 200v260 cavok 07 04 q1028 nosig,16005kt 9999 WM VVNClD M 08 04 q1028 23006kt 200v260 cavok 07 04 q1028 nosig q1028 nosig 33009kt 3000
2019-08-10 10:00:00,23004KT 170V280 9999 FEW012 BKN022 19/14 Q1022 NOSIG,vrb06kt 9999 few014 sct035 21 13 q1021 nosig,27007kt 9999 WM FEW035 BKN 19 15 q1021 vrb06kt 9999 few014 sct035 21 13 q1021 nosig q1021 nosig q1021
2018-06-10 18:00:00,27009KT 9999 FEW014 16/14 Q1013 NOSIG,vrb02kt 9999 few015 16 14 q1012 nosig,28005kt 9999 WM FEW010 M 17 12 q1012 vrb02kt 9999 few015 16 14 q1012 nosig tempo ra bkn010 bkn016
2020-02-10 16:00:00,23008KT 200V280 5000 0900E BCFG -DZ SCT009 BKN014 BKN022 13/12 Q1032 NOSIG,vrb02kt 1500 0700se bcfg dz bkn003 bkn010 13 13 q1031 tempo,24005kt 1500 DZ FEW040 BKN 13 13 q1031 vrb02kt 1500 0700se bcfg dz bkn003 bkn010 13 13 q1031 tempo
2021-05-19 06:00:00,04003KT 350V080 CAVOK 10/08 Q1026 NOSIG,01007kt cavok 08 07 q1026 nosig,02007kt 9999 WM SCT025 M 09 05 q1026 01007kt cavok 08 07 q1026 nosig q1027 nosig q1027 nosig 1500
2021-06-25 07:00:00,21007KT 150V240 CAVOK 16/13 Q1019 NOSIG,19004kt 090v240 cavok 17 14 q1019 nosig,16005kt 9999 WM NSCNClD M 17 12 q1019 19004kt 090v240 cavok 17 14 q1019 nosig 1500 bcfg bkn002 ovc004
2022-09-16 12:00:00,VRB02KT 9999 FEW030 25/19 Q1016 NOSIG,22005kt 100v260 9999 sct040 24 17 q1017 nosig,16001kt 9999 WM FEW030 M 25 17 q1017 22005kt 100v260 9999 sct040 24 17 q1017 nosig q1016 nosig q1016
2022-03-04 17:00:00,36010KT 9999 FEW053 12/02 Q1024 NOSIG,36010kt 320v030 cavok 11 02 q1024 nosig,34009kt 9999 WM FEW040 M 11 02 q1024 36010kt 320v030 cavok 11 02 q1024 nosig q1025 nosig vrb06kt fg
2018-06-02 13:00:00,23009KT 200V270 9999 FEW025 18/13 Q1019 NOSIG,27011kt 240v320 9999 few027 19 13 q1017 nosig,28011kt 9999 WM FEW030 M 18 12 q1018 27011kt 240v320 9999 few027 19 13 q1017 nosig q1019 nosig 3000
2018-04-07 22:00:00,22003KT 170V250 5000 BCFG SCT003 BKN014 BKN043 09/08 Q1008 TEMPO 3000 RA BKN008,27007kt 210v320 5000 bcfg sct003 bkn010 09 09 q1008 tempo 3000,26009kt 9999 FG FEW040 BKN 09 08 q1008 27007kt 210v320 5000 bcfg sct003 bkn010 09 09 q1008 tempo 3000
2018-12-03 13:00:00,19005KT 080V230 0200 R19/1900N R01/0375U RA FG VV001 14/14 Q1022 TEMPO 0600,19012kt 140v220 0200 r19 0500n r01 0500n fg vv001 13 13,20013kt 800 DZ SCT020 M 14 13 q1022 19012kt 140v220 0200 r19 0500n r01 0500n fg vv001 13 13
2020-05-26 14:00:00,10005KT 010V150 CAVOK 30/17 Q1022 NOSIG,18008kt nsw 150v250 bcfg ovc002 00 12 q1023 nosig,08007kt 9999 WM MNClD M 30 14 q1022 18008kt nsw 150v250 bcfg ovc002 00 12 q1023 nosig 32004kt 9999
2022-10-04 10:00:00,25003KT 160V300 CAVOK 18/14 Q1023 NOSIG,vrb03kt cavok 19 14 q1023 nosig,26003kt 9999 WM FEW025 M 19 14 q1023 vrb03kt cavok 19 14 q1023 nosig 28012kt 16 q1020 nosig bkn006
2020-01-05 18:00:00,24004KT CAVOK 07/05 Q1028 NOSIG,vrb02kt cavok 07 04 q1029 nosig,30003kt 9999 WM MNClD M 07 05 q1029 vrb02kt cavok 07 04 q1029 nosig q1030 nosig q1028 nosig q1028
2019-11-09 22:00:00,31004KT 260V020 9999 BKN027 10/08 Q1024 NOSIG,36005kt 300v060 9999 few033 08 06 q1020 nosig,28007kt 9999 WM FEW030 M 09 07 q1024 36005kt 300v060 9999 few033 08 06 q1020 nosig 0800 bcfg bkn010
2020-03-18 21:00:00,32002KT CAVOK 14/10 Q1021 NOSIG,vrb02kt cavok 14 11 q1022 nosig,01007kt 9999 WM MNClD M 14 10 q1022 vrb02kt cavok 14 11 q1022 nosig q1021 nosig q1021 nosig 17008kt
2021-05-03 03:00:00,VRB02KT CAVOK 07/03 Q1019 NOSIG,22005kt 170v280 cavok 09 05 q1019 nosig,16003kt 9999 WM MNClD M 07 04 q1019 22005kt 170v280 cavok 09 05 q1019 nosig q1033 nosig q1033 nosig
2020-05-06 21:00:00,01005KT CAVOK 14/13 Q1020 NOSIG,27005kt cavok 14 12 q1019 nosig,32003kt 9999 WM FEW045 M 14 12 q1020 27005kt cavok 14 12 q1019 nosig 26014kt 16 14 q1020 nosig
2020-08-04 12:00:00,VRB04KT CAVOK 29/15 Q1017 NOSIG,05006kt 350v110 cavok 28 16 q1017 nosig,02005kt 9999 WM SCT025 M 27 16 q1017 05006kt 350v110 cavok 28 16 q1017 nosig 1500 160v230 0800 bcfg
2022-09-01 07:00:00,21007KT 9999 1000E BCFG FEW001 OVC020 15/15 Q1018 NOSIG,19005kt 110v270 9999 vcfg few020 bkn052 16 15 q1018 redz tempo,16003kt 9999 FG FEW015 OVC 16 15 q1018 19005kt 110v270 9999 vcfg few020 bkn052 16 15 q1018 redz tempo
2018-06-21 20:00:00,VRB04KT 9999 FEW030 22/19 Q1018 NOSIG,vrb06kt cavok 23 19 q1019 nosig,04003kt 9999 WM FEW040 M 23 18 q1017 vrb06kt cavok 23 19 q1019 nosig q1018 nosig q1018 nosig sct040cb
2021-11-21 22:00:00,04006KT 360V080 CAVOK 09/06 Q1016 NOSIG,04005kt 350v100 cavok 10 07 q1016 nosig,01009kt 9999 WM FEW025 M 10 07 q1017 04005kt 350v100 cavok 10 07 q1016 nosig 1500 bcfg bkn005 bkn010
2018-05-08 08:00:00,02003KT 330V110 5000 BR NSC 16/13 Q1016 NOSIG,03004kt 360v060 cavok 16 13 q1016 nosig,01009kt 9999 WM FEW010 M 16 12 q1016 03004kt 360v060 cavok 16 13 q1016 nosig 1500 bcfg bkn002 bkn035
2020-11-29 20:00:00,06006KT 010V100 CAVOK 13/07 Q1017 NOSIG,23006kt 170v280 cavok 12 08 q1016 nosig,10009kt 9999 WM MNClD M 13 07 q1016 23006kt 170v280 cavok 12 08 q1016 nosig 1500 bcfg bkn002 15
2021-07-10 07:00:00,VRB02KT CAVOK 19/12 Q1020 NOSIG,03005kt cavok 17 14 q1019 nosig,00007kt 9999 WM OVC015 M 18 13 q1019 03005kt cavok 17 14 q1019 nosig q1018 nosig becmg few001 bkn008
2022-03-15 23:00:00,VRB02KT 7000 BKN037 13/11 Q1015 NOSIG,vrb02kt cavok 14 10 q1013 nosig,35001kt 9999 WM OVC020 M 14 10 q1013 vrb02kt cavok 14 10 q1013 nosig q1015 nosig q1015 nosig 0800
2018-09-22 01:00:00,00000KT 9999 1500N BCFG FEW001 17/16 Q1023 TEMPO 1500 BCFG,00000kt 8000 1500e sct002 17 16 q1022 tempo 0800 bcfg bkn005,01005kt 9999 FG OVC005 M 17 16 q1023 00000kt 8000 1500e sct002 17 16 q1022 tempo 0800 bcfg bkn005
2022-06-19 12:00:00,03010KT 340V100 9999 FEW012 SCT026 BKN043 17/15 Q1012 NOSIG,04006kt 350v060 9999 4000e bcfg ovc002 17 16 q1013 tempo 3000,35009kt 9999 WM FEW010 BKN 17 14 q1013 04006kt 350v060 9999 4000e bcfg ovc002 17 16 q1013 tempo 3000
2020-12-18 10:00:00,19011KT 120V240 0900 R19/P2000 R01/1700N BCFG -DZ BKN002 OVC015 10/10 Q1019 NOSIG,19005kt 140v230 0800 r19 p2000 r01 p2000 fg vv001 10 10,17019kt 1500 DZ FEW015 OVC 11 10 q1019 19005kt 140v230 0800 r19 p2000 r01 p2000 fg vv001 10 10
2021-03-11 08:00:00,19007KT 140V230 0400 R19/P2000 R01/1900N FG VV001 11/11 Q1024 TEMPO 1500 BCFG BKN003,19006kt 130v230 0300 r19 p2000 r01 0350n ra fg vv001 12,22009kt 1500 FG FEW015 M 12 11 q1024 19006kt 130v230 0300 r19 p2000 r01 0350n ra fg vv001 12
2019-12-26 08:00:00,23004KT 200V320 9999 OVC035 09/08 Q1029 NOSIG,vrb02kt 9999 sct025 08 06 q1029 nosig,36003kt 9999 WM BKN040 M 07 07 q1029 vrb02kt 9999 sct025 08 06 q1029 nosig 1500 few010 10 09
2020-12-02 20:00:00,VRB02KT CAVOK 10/05 Q1020 NOSIG,vrb02kt cavok 09 07 q1022 nosig,03005kt 9999 WM M040 M 09 06 q1022 vrb02kt cavok 09 07 q1022 nosig 4000 br shra ovc003 10
2019-07-21 06:00:00,02003KT 340V070 9999 3000NE FEW001 14/14 Q1020 TEMPO 3000 BR BKN002,vrb02kt 9999 bcfg nsc 17 16 q1021 nosig,35003kt 9999 FG BKN005 M 15 14 q1020 vrb02kt 9999 bcfg nsc 17 16 q1021 nosig 28012kt 16 12
2018-10-20 14:00:00,09009KT 040V120 CAVOK 25/12 Q1019 NOSIG,09007kt 050v140 cavok 24 14 q1018 nosig,08009kt 9999 WM MNClD M 23 13 q1019 09007kt 050v140 cavok 24 14 q1018 nosig q1018 nosig q1018 nosig
2020-05-31 23:00:00,VRB03KT 9999 TS FEW005 SCT016 SCT040CB 15/14 Q1013 TEMPO 1500 TSRA BKN025CB,24005kt 200v280 5000 br sct002 bkn010 bkn033 14 14 q1013 nosig,27009kt 9999 BR OVC015 SCT 16 14 q1012 24005kt 200v280 5000 br sct002 bkn010 bkn033 14 14 q1013 nosig
2018-07-18 15:00:00,27012KT 240V320 CAVOK 21/17 Q1016 NOSIG,28013kt 240v300 9999 few020 21 16 q1015 nosig,28011kt 9999 WM FEW035 M 21 16 q1015 28013kt 240v300 9999 few020 21 16 q1015 nosig q1015 nosig q1015
2022-04-04 19:00:00,02010KT 350V060 CAVOK 11/01 Q1014 NOSIG,02011kt 340v060 cavok 10 01 q1017 nosig,35011kt 9999 WM FEWNClD M 10 01 q1016 02011kt 340v060 cavok 10 01 q1017 nosig q1018 nosig q1035 nosig
2021-10-30 23:00:00,18009KT 120V240 9999 FEW016 BKN045 16/15 Q1006 NOSIG,20010kt 170v230 9999 few017 sct032 bkn048 17 16 q1007 nosig,17011kt 9999 WM FEW025 BKN 15 15 q1008 20010kt 170v230 9999 few017 sct032 bkn048 17 16 q1007 nosig 0800
2021-01-29 23:00:00,22015G25KT 170V270 9000 -RA BKN010 BKN045 13/11 Q1014 NOSIG,21013kt 170v240 9999 bkn020 bkn026 13 11 q1014 nosig,25021kt 9999 WM FEW030 BKN 12 11 q1014 21013kt 170v240 9999 bkn020 bkn026 13 11 q1014 nosig q1015 nosig
2021-05-05 18:00:00,27010KT 240V300 9999 FEW020 16/11 Q1019 NOSIG,25007kt 220v280 9999 few017 sct020 15 12 q1019 nosig,29007kt 9999 WM BKN050 SCT 14 12 q1019 25007kt 220v280 9999 few017 sct020 15 12 q1019 nosig q1018 nosig
2018-12-05 18:00:00,18005KT 140V210 3000 -RA BR BKN007 BKN012 13/12 Q1027 TEMPO 1400 BKN005,20004kt 170v230 0100 r19 0450n r01 0300n fg vv001 12 12,15005kt 800 RA FEW015 M 13 12 q1027 20004kt 170v230 0100 r19 0450n r01 0300n fg vv001 12 12
2022-01-21 01:00:00,21007KT CAVOK 06/03 Q1026 NOSIG,05004kt 350v120 cavok 07 06 q1026 nosig,04003kt 9999 WM OVC040 M 06 04 q1026 05004kt 350v120 cavok 07 06 q1026 nosig 34003kt bkn020 08 05
2019-12-20 03:00:00,21010KT 140V240 6000 -RA BKN016 OVC021 10/08 Q0995 TEMPO 3000 SHRA SCT030TCU,22014kt 180v270 6000 sct015 bkn024 bkn035 10 08 q0992 tempo 3000,24013kt 9999 RA M030 BKN 10 08 q0996 22014kt 180v270 6000 sct015 bkn024 bkn035 10 08 q0992 tempo 3000
2021-07-06 10:00:00,26005KT 210V300 9999 SCT029 BKN043 17/12 Q1017 NOSIG,23004kt 190v260 9999 few020 sct029 16 12 q1016 nosig,27007kt 9999 FG SCT040 SCT 15 12 q1017 23004kt 190v260 9999 few020 sct029 16 12 q1016 nosig reshra nosig
2022-12-09 22:00:00,03007KT 340V080 9999 FEW024 08/06 Q1005 NOSIG,02008kt 340v050 9999 few022 09 05 q1006 nosig,01013kt 9999 WM FEW030 M 08 05 q1006 02008kt 340v050 9999 few022 09 05 q1006 nosig 1500 bcfg vv001
2022-08-16 12:00:00,30006KT 240V010 6000 RA BKN004 BKN010 17/16 Q1014 NOSIG,09004kt 060v130 9999 ra bcfg ra vv001 18 17 q1014 tempo,29013kt 9999 RA BKN015 BKN 18 15 q1014 09004kt 060v130 9999 ra bcfg ra vv001 18 17 q1014 tempo
2019-07-15 22:00:00,02008KT 330V070 CAVOK 19/17 Q1016 NOSIG,vrb02kt cavok 19 17 q1017 nosig,36005kt 9999 WM FEW010 M 20 16 q1017 vrb02kt cavok 19 17 q1017 nosig q1018 nosig q1035 nosig q1017
2022-07-15 03:00:00,22008KT 180V250 CAVOK 26/16 Q1012 NOSIG,03004kt 340v070 cavok 24 17 q1013 nosig,22001kt 9999 WM VV005 M 24 17 q1012 03004kt 340v070 cavok 24 17 q1013 nosig q1011 nosig nosig 2900
2021-01-17 16:00:00,03004KT 360V100 CAVOK 13/09 Q1029 NOSIG,vrb01kt 9999 few005 12 11 q1029 nosig,30001kt 9999 WM SCT020 M 12 09 q1030 vrb01kt 9999 few005 12 11 q1029 nosig q1030 nosig 1500 bcfg
2018-04-14 09:00:00,21004KT 130V260 0300 R19/1400D R01/0175N BCFG BKN002 09/09 Q1017 NOSIG,17007kt 110v210 0100 r19 0375d r01 0200n bcfg dz vv001 08,16007kt 800 FG SCT020 BKN 10 08 q1017 17007kt 110v210 0100 r19 0375d r01 0200n bcfg dz vv001 08
2020-08-14 07:00:00,VRB01KT 9999 FEW001 16/15 Q1018 NOSIG,vrb02kt 4000 1000e bcfg ovc008 15 15 q1017 nosig,16001kt 9999 FG FEW050 M 15 14 q1017 vrb02kt 4000 1000e bcfg ovc008 15 15 q1017 nosig q1016 becmg
2019-10-05 12:00:00,VRB01KT 9999 BKN020 18/13 Q1020 NOSIG,vrb01kt cavok 19 15 q1019 nosig,33003kt 9999 WM FEW040 M 19 13 q1020 vrb01kt cavok 19 15 q1019 nosig q1018 nosig q1020 nosig 20011g21kt
2018-08-02 06:00:00,23006KT 190V290 CAVOK 20/18 Q1015 NOSIG,vrb03kt cavok 21 18 q1015 nosig,15003kt 9999 WM MNClD M 21 17 q1015 vrb03kt cavok 21 18 q1015 nosig q1015 nosig q1015 nosig q1035
2021-08-14 10:00:00,21003KT 150V280 CAVOK 24/19 Q1020 NOSIG,vrb03kt cavok 24 19 q1019 nosig,28007kt 9999 WM BKN025 M 24 18 q1020 vrb03kt cavok 24 19 q1019 nosig q1019 nosig q1021 nosig 34009kt
2021-11-03 12:00:00,VRB03KT 9999 SCT018 BKN029 13/10 Q1014 TEMPO 3000 SHRA SCT025TCU,27005kt 240v320 9999 sct023 bkn034 13 07 q1014 nosig,33005kt 9999 WM SCT030 SCT 12 08 q1014 27005kt 240v320 9999 sct023 bkn034 13 07 q1014 nosig 3000 ra
2020-11-29 10:00:00,VRB03KT CAVOK 13/08 Q1013 NOSIG,vrb02kt cavok 11 08 q1012 nosig,11009kt 9999 WM FEW050 M 11 08 q1013 vrb02kt cavok 11 08 q1012 nosig q1015 nosig q1014 nosig q1015
2022-04-06 10:00:00,05006KT 340V120 CAVOK 13/04 Q1018 NOSIG,03005kt 310v100 9999 few040 12 06 q1017 nosig,35009kt 9999 WM SCT015 M 12 05 q1017 03005kt 310v100 9999 few040 12 06 q1017 nosig sct030tcu 12 11
2020-10-03 04:00:00,27004KT 240V330 9999 1400S BCFG FEW040 09/08 Q1010 TEMPO SHRA SCT030TCU,29004kt 250v320 9999 bkn035 12 09 q1009 tempo bkn010 bkn020tcu 13,31005kt 9999 WM SCT040 M 10 08 q1009 29004kt 250v320 9999 bkn035 12 09 q1009 tempo bkn010 bkn020tcu 13
2021-06-07 12:00:00,26008KT CAVOK 23/16 Q1021 NOSIG,27008kt 230v300 cavok 22 14 q1021 nosig,28009kt 9999 WM MNClD M 22 14 q1021 27008kt 230v300 cavok 22 14 q1021 nosig q1021 nosig q1021 nosig
2021-02-03 11:00:00,22007KT 170V250 9999 BKN021 FEW030CB 13/09 Q1011 TEMPO 3000 SHRA BKN025CB,19010kt 9999 few017 bkn035 12 07 q1011 rera tempo 3000 shra,22017kt 9999 WM FEW030 FEW 12 08 q1010 19010kt 9999 few017 bkn035 12 07 q1011 rera tempo 3000 shra
2019-06-16 03:00:00,VRB02KT CAVOK 10/09 Q1020 NOSIG,00000kt cavok 10 07 q1020 nosig,02001kt 9999 WM NCDNClD M 10 08 q1020 00000kt cavok 10 07 q1020 nosig 0800 fg bkn005 bkn010 ovc017
2019-07-12 01:00:00,VRB01KT CAVOK 21/15 Q1015 NOSIG,vrb02kt cavok 19 16 q1015 nosig,02005kt 9999 WM M010 M 20 15 q1015 vrb02kt cavok 19 16 q1015 nosig q1015 nosig q1015 nosig q1015
2020-02-21 03:00:00,00000KT CAVOK 07/06 Q1028 NOSIG,23004kt 200v260 cavok 07 05 q1027 nosig,17007kt 9999 WM VV005 M 07 05 q1027 23004kt 200v260 cavok 07 05 q1027 nosig q1027 nosig q1027 nosig
2018-02-12 09:00:00,VRB01KT 9999 -RADZ FEW036 BKN045 05/02 Q1025 NOSIG,22005kt 170v240 9999 r19 ovc018 04 02 q1028 nosig,02003kt 9999 RA FEW025 M 04 01 q1026 22005kt 170v240 9999 r19 ovc018 04 02 q1028 nosig q1028 nosig
2019-12-15 08:00:00,VRB03KT 3000 -RA BR SCT002 SCT008 BKN026 09/09 Q1010 RERA TEMPO 0800 FG BKN005,18009kt 140v210 2000 ra bcfg sct004 sct012 bkn015 09 09 q1011,14003kt 3000 RA FEW050 BKN 10 09 q1010 18009kt 140v210 2000 ra bcfg sct004 sct012 bkn015 09 09 q1011
2022-01-28 09:00:00,11006KT 050V180 CAVOK 10/M02 Q1031 NOSIG,24004kt 200v260 cavok 06 02 q1031 nosig,04005kt 9999 WM MNClD M 07 00 q1031 24004kt 200v260 cavok 06 02 q1031 nosig q1030 nosig q1033 nosig
2018-03-30 07:00:00,19011KT 130V220 9999 FEW027 SCT041 BKN050 04/04 Q1005 NOSIG,28012g23kt 230v330 9999 shra sct024tcu bkn040 06 03 q1003 tempo shra,23011kt 9999 RA FEW040 SCT 06 03 q1003 28012g23kt 230v330 9999 shra sct024tcu bkn040 06 03 q1003 tempo shra
2021-06-13 11:00:00,VRB04KT CAVOK 26/17 Q1020 NOSIG,21006kt 100v250 cavok 26 16 q1019 nosig,17007kt 9999 WM M035 M 26 17 q1020 21006kt 100v250 cavok 26 16 q1019 nosig q1021 nosig q1021 nosig
2020-07-25 22:00:00,29004KT 250V320 9999 FEW004 SCT013 18/17 Q1019 NOSIG,04003kt 360v110 9999 few016 18 16 q1017 nosig,30007kt 9999 WM BKN015 M 18 16 q1018 04003kt 360v110 9999 few016 18 16 q1017 nosig q1019 nosig q1028
2018-06-04 16:00:00,24007KT 190V310 7000 SCT010 BKN021 BKN042 14/12 Q1014 TEMPO 3000 RA,19007kt 130v230 9999 sct016 bkn035 13 12 q1013 nosig,26015kt 9999 WM SCT030 BKN 13 12 q1014 19007kt 130v230 9999 sct016 bkn035 13 12 q1013 nosig q1015 nosig
2022-07-21 03:00:00,VRB01KT CAVOK 19/16 Q1018 NOSIG,19005kt 160v230 cavok 17 15 q1017 nosig,16005kt 9999 WM BKNNClD M 17 15 q1017 19005kt 160v230 cavok 17 15 q1017 nosig q1018 nosig 1500 bcfg
2019-12-13 13:00:00,26006KT 200V350 0400 R19/1600U R01/0650N RA FG VV001 13/13 Q1020 NOSIG,22006kt 170v250 1100 r19 0750n r01 0750n bcfg ra bkn003 bkn007,27015kt 800 RA SCT015 M 13 12 q1020 22006kt 170v250 1100 r19 0750n r01 0750n bcfg ra bkn003 bkn007
2018-09-08 23:00:00,23005KT CAVOK 20/16 Q1019 NOSIG,vrb02kt cavok 17 15 q1018 nosig,29003kt 9999 WM MNClD M 17 15 q1018 vrb02kt cavok 17 15 q1018 nosig q1018 nosig becmg bkn003 15
2021-11-22 21:00:00,05006KT 010V100 9999 SCT028 07/04 Q1015 NOSIG,03006kt 350v080 9999 sct039 08 04 q1014 nosig,01013kt 9999 WM FEW040 M 07 04 q1014 03006kt 350v080 9999 sct039 08 04 q1014 nosig 1500 bcfg bkn005
2018-12-25 21:00:00,23004KT 200V260 CAVOK 10/07 Q1027 NOSIG,vrb02kt cavok 09 07 q1026 nosig,14003kt 9999 WM MNClD M 09 06 q1026 vrb02kt cavok 09 07 q1026 nosig q1027 nosig q1027 nosig q1025
2020-11-02 17:00:00,31003KT 260V340 9999 FEW005 SCT035 14/12 Q1025 NOSIG,31005kt 9999 sct022 15 12 q1025 nosig,33007kt 9999 WM FEW025 SCT 14 11 q1025 31005kt 9999 sct022 15 12 q1025 nosig q1025 nosig all 2000
2020-03-01 08:00:00,26005KT 200V340 9000 FEW015 BKN023 12/09 Q1011 NOSIG,24005kt 200v280 9000 ra sct004 bkn010 bkn025 11 11 q1010 tempo,28013kt 9999 RA FEW025 BKN 11 10 q1010 24005kt 200v280 9000 ra sct004 bkn010 bkn025 11 11 q1010 tempo
2020-12-25 01:00:00,05007KT 010V110 CAVOK 06/03 Q1028 NOSIG,02010kt 350v080 9999 sct042 05 02 q1028 nosig,02013kt 9999 WM FEW045 M 05 03 q1029 02010kt 350v080 9999 sct042 05 02 q1028 nosig q1028 nosig q1028
2019-03-31 09:00:00,VRB04KT CAVOK 13/05 Q1013 NOSIG,24005kt cavok 16 04 q1012 nosig,20001kt 9999 WM NSCNClD M 15 05 q1013 24005kt cavok 16 04 q1012 nosig q1013 nosig q1013 nosig q1015
2019-05-22 13:00:00,26009KT 210V290 9999 FEW025 20/14 Q1018 NOSIG,27009kt 230v320 cavok 21 12 q1019 nosig,27009kt 9999 WM FEW030 M 20 12 q1019 27009kt 230v320 cavok 21 12 q1019 nosig q1019 nosig 1500 bcfg
2019-08-23 06:00:00,21009KT 170V240 CAVOK 20/15 Q1017 NOSIG,vrb02kt cavok 19 16 q1017 nosig,15003kt 9999 WM MNClD M 20 15 q1017 vrb02kt cavok 19 16 q1017 nosig q1018 nosig 1500 bcfg bkn003
2018-10-07 02:00:00,03010KT 360V060 CAVOK 11/06 Q1023 NOSIG,01003kt 330v070 cavok 11 07 q1024 nosig,02009kt 9999 WM NCDNClD M 10 06 q1023 01003kt 330v070 cavok 11 07 q1024 nosig q1022 nosig 06004kt bkn005
2019-06-17 13:00:00,25009KT 210V280 CAVOK 16/13 Q1016 NOSIG,28006kt 250v320 9999 few025 16 13 q1016 nosig,28007kt 9999 WM FEW030 M 17 13 q1016 28006kt 250v320 9999 few025 16 13 q1016 nosig redz nosig q1016
2022-02-13 09:00:00,19011KT 150V230 3000 0500E -DZ BCFG BKN003 BKN011 08/08 Q1015 NOSIG,19007kt 140v230 8000 ra few004 bkn014 bkn023 09 08 q1014 nosig,17019kt 3000 RA FEW025 BKN 09 08 q1015 19007kt 140v230 8000 ra few004 bkn014 bkn023 09 08 q1014 nosig
2020-04-10 22:00:00,VRB02KT 8000 SCT003 BKN007 BKN024 12/12 Q1022 TEMPO 3000 DZ,22004kt 8000 bcfg sct003 bkn048 12 11 q1021 tempo 3000 br,26005kt 9999 FG SCT020 BKN 12 11 q1021 22004kt 8000 bcfg sct003 bkn048 12 11 q1021 tempo 3000 br
2019-11-10 21:00:00,19006KT 160V220 0200 R19/P2000 R01/0450N FG -RA VV001 09/09 Q1021 TEMPO 0350 FG VV001,18006kt 110v250 0600 r19 p2000 r01 1400n ra bcfg vv001 09,15005kt 800 RA BKN025 M 08 08 q1020 18006kt 110v250 0600 r19 p2000 r01 1400n ra bcfg vv001 09
2020-02-28 07:00:00,22007KT 0050 R19/0325N R01/0250N FG VV001 07/07 Q1022 NOSIG,23006kt 0100 r19 0500n r01 0375n fg vv001 08 08 q1022,14003kt 800 FG VVNClD M 08 06 q1022 23006kt 0100 r19 0500n r01 0375n fg vv001 08 08 q1022
2019-02-21 22:00:00,24005KT 210V290 CAVOK 12/08 Q1027 NOSIG,20009kt 170v230 cavok 12 06 q1026 nosig,13007kt 9999 WM MNClD M 13 06 q1025 20009kt 170v230 cavok 12 06 q1026 nosig q1025 nosig 0800 bcfg
2020-10-13 06:00:00,VRB01KT 0300 R19/1500D R01/1100N BCFG VV001 15/14 Q1022 NOSIG,vrb02kt 0300 r19 p2000 r01 0350d fg vv001 14 14 q1021,30005kt 800 FG FEW010 M 14 14 q1022 vrb02kt 0300 r19 p2000 r01 0350d fg vv001 14 14 q1021
2022-11-19 06:00:00,26003KT 210V290 9999 BKN040 08/07 Q1022 TEMPO 1500 BCFG,23003kt 5000 bcfg nsc 07 07 q1021 tempo 3000 br bkn010,16001kt 9999 FG FEW030 M 08 07 q1022 23003kt 5000 bcfg nsc 07 07 q1021 tempo 3000 br bkn010
2021-04-09 08:00:00,19007KT 160V230 9999 FEW054 13/09 Q1015 NOSIG,vrb02kt cavok 12 09 q1015 nosig,17003kt 9999 WM M050 M 12 09 q1015 vrb02kt cavok 12 09 q1015 nosig q1015 nosig 05007kt 09 08
2018-08-29 15:00:00,27010KT 240V300 CAVOK 23/16 Q1021 NOSIG,05005kt 350v110 9999 few036 25 17 q1021 nosig,30013kt 9999 WM BKN045 M 23 15 q1021 05005kt 350v110 9999 few036 25 17 q1021 nosig q1021 nosig q1021
2019-07-10 03:00:00,00000KT CAVOK 19/16 Q1016 NOSIG,00000kt cavok 17 15 q1016 nosig,16003kt 9999 WM NCD005 M 17 14 q1016 00000kt cavok 17 15 q1016 nosig 1500 bcfg bkn005 ovc015 15
2019-12-07 12:00:00,21005KT 0800 0350SE R19/P2000 R01/900D FG OVC008 09/08 Q1025 TEMPO 1500 BCFG,19005kt 130v230 0900 r19 1900n r01 1300u fg vv001 09 09,15005kt 1500 FG FEW020 OVC 09 08 q1025 19005kt 130v230 0900 r19 1900n r01 1300u fg vv001 09 09
2020-09-21 10:00:00,20005KT 150V230 9999 FEW025 18/15 Q1020 NOSIG,19005kt 120v240 9999 few009 bkn012 18 16 q1021 nosig,16005kt 9999 FG SCT030 BKN 17 14 q1021 19005kt 120v240 9999 few009 bkn012 18 16 q1021 nosig q1021 tempo
2022-05-10 09:00:00,VRB02KT CAVOK 19/12 Q1022 NOSIG,vrb02kt cavok 22 12 q1022 nosig,29005kt 9999 WM BKN020 M 19 12 q1022 vrb02kt cavok 22 12 q1022 nosig q1021 nosig q1021 nosig q1021
2022-08-31 05:00:00,VRB02KT 9999 OVC045 15/14 Q1020 NOSIG,vrb02kt 9999 0800n bcfg vv001 15 13 q1019 nosig,15003kt 9999 FG NSC020 M 15 13 q1019 vrb02kt 9999 0800n bcfg vv001 15 13 q1019 nosig q1018 nosig
2018-03-02 10:00:00,17005KT 120V220 7000 -RA SCT030 BKN039 BKN050 06/04 Q0988 NOSIG,22005kt 190v260 9999 few040 17 05 q1004 nosig,13013kt 9999 RA FEWNClD M 07 05 q0990 22005kt 190v260 9999 few040 17 05 q1004 nosig 0800 1200 bkn005
2018-11-13 05:00:00,24005KT 200V280 0600 R19/P2000 R01/0500D BCFG VV001 07/07 Q1024 NOSIG,24005kt 210v270 0600 r19 p2000 r01 0500d prfg 06 06 q1022,16003kt 800 FG NSCNClD M 06 05 q1023 24005kt 210v270 0600 r19 p2000 r01 0500d prfg 06 06 q1022
2022-12-22 14:00:00,23010KT 200V260 6000 1000E BCFG -RA SCT003 BKN005 BKN014 15/15 Q1025 TEMPO 3000 RA,19009kt 150v230 2000 ra bcfg sct003 bkn012 bkn018 14 14 q1025,18011kt 3000 RA FEW025 BKN 15 14 q1025 19009kt 150v230 2000 ra bcfg sct003 bkn012 bkn018 14 14 q1025
2018-09-06 16:00:00,03010KT 340V080 9999 FEW050 26/15 Q1015 NOSIG,36009kt 330v050 cavok 25 15 q1016 nosig,03009kt 9999 WM SCT030 M 25 15 q1016 36009kt 330v050 cavok 25 15 q1016 nosig q1016 nosig q1015 nosig
2020-03-02 21:00:00,16003KT 120V220 9000 FEW004 SCT019 BKN043 08/08 Q1019 NOSIG,22004kt 160v260 9999 bkn028 09 05 q1019 nosig,26007kt 9999 WM FEW040 OVC 09 07 q1019 22004kt 160v260 9999 bkn028 09 05 q1019 nosig 4000 br bkn010
2020-10-10 04:00:00,04005KT 340V090 CAVOK 13/13 Q1025 NOSIG,03012kt 340v070 cavok 15 10 q1026 nosig,02011kt 9999 WM BKN015 M 14 12 q1025 03012kt 340v070 cavok 15 10 q1026 nosig vrb09g19kt 11 q1029 nosig
2018-11-25 22:00:00,01004KT 9000 FEW008 BKN029 07/06 Q1009 WS R19 TEMPO 1500 BCFG,25008kt 210v300 9999 sct023 bkn035 bkn046 09 08 q1008 tempo 3000,29013kt 9999 WM SCT020 BKN 09 08 q1009 25008kt 210v300 9999 sct023 bkn035 bkn046 09 08 q1008 tempo 3000
2021-01-03 10:00:00,20004KT 090V240 9999 BCFG -RADZ BKN036 BKN045 03/03 Q1020 TEMPO 1000,21007kt 9999 sct032 03 02 q1021 nosig,18003kt 9999 FG FEW030 BKN 03 03 q1021 21007kt 9999 sct032 03 02 q1021 nosig 34006kt 310v020 04 03
2018-04-29 19:00:00,22009KT 140V260 9999 -SHRA BKN025 BKN040TCU 07/04 Q1012 TEMPO SHRA,vrb07kt 9999 sct020 bkn042 08 05 q1012 tempo shra sct030tcu bkn050,18005kt 9999 WM SCT030 BKN 07 05 q1012 vrb07kt 9999 sct020 bkn042 08 05 q1012 tempo shra sct030tcu bkn050
2018-02-02 07:00:00,VRB02KT 9999 FEW020 03/02 Q1019 NOSIG,vrb02kt cavok 04 02 q1020 nosig,36005kt 9999 WM FEW040 M 04 01 q1019 vrb02kt cavok 04 02 q1020 nosig q1028 nosig q1016 nosig sct040tcu
2018-03-31 23:00:00,19007KT 150V210 9999 SCT021 BKN036 09/07 Q1016 NOSIG,20010kt 9999 bkn028 bkn046 09 07 q1016 nosig,15009kt 9999 WM FEW050 BKN 08 06 q1016 20010kt 9999 bkn028 bkn046 09 07 q1016 nosig 1500 bcfg bkn002
2022-04-07 09:00:00,20008KT 140V240 9999 OVC016 12/10 Q1021 TEMPO BKN010,23010kt 190v270 9999 sct023 bkn050 12 09 q1021 nosig,21009kt 9999 WM FEW030 BKN 12 10 q1020 23010kt 190v270 9999 sct023 bkn050 12 09 q1021 nosig q1018 nosig
2020-01-30 02:00:00,21017KT 9999 BKN015 OVC050 13/11 Q1020 NOSIG,21012kt 170v240 0100 r19 0500n r01 0275n ra fg vv001 12,14009kt 800 RA MNClD OVC 12 11 q1021 21012kt 170v240 0100 r19 0500n r01 0275n ra fg vv001 12
2019-01-29 03:00:00,19004KT 150V230 4000 -RA FEW008 SCT016 BKN021 08/07 Q1021 TEMPO 0800 RADZ BCFG BKN002,22006kt 160v260 r19 p2000n r01 0550u r19 p2000 dz bcfg sct010,14005kt 5000 RA FEW045 BKN 07 07 q1021 22006kt 160v260 r19 p2000n r01 0550u r19 p2000 dz bcfg sct010
2019-01-13 11:00:00,VRB02KT CAVOK 07/02 Q1031 NOSIG,vrb01kt cavok 06 02 q1032 nosig,16003kt 9999 WM BKN030 M 06 02 q1032 vrb01kt cavok 06 02 q1032 nosig 22014kt 00 q1031 nosig q1001
2022-02-16 23:00:00,24003KT 170V320 2000 -RA BCFG BKN005 BKN015 12/11 Q1030 NOSIG,21003kt 150v260 2000 ra br bkn004 12 12 q1031 tempo 6000,28005kt 3000 RA FEW025 BKN 12 11 q1030 21003kt 150v260 2000 ra br bkn004 12 12 q1031 tempo 6000
2021-02-19 16:00:00,19013G24KT 130V230 9999 SCT011 BKN022 12/11 Q1009 NOSIG,20014kt 170v240 9999 bkn026 bkn050 13 12 q1009 tempo 3000 ra,18019kt 3000 RA SCT025 BKN 12 11 q1008 20014kt 170v240 9999 bkn026 bkn050 13 12 q1009 tempo 3000 ra
2018-04-14 15:00:00,21012KT 170V230 9999 SCT034 16/09 Q1016 NOSIG,21013kt 180v240 9999 sct035 bkn050 17 07 q1016 nosig,18011kt 9999 WM FEW040 M 15 08 q1016 21013kt 180v240 9999 sct035 bkn050 17 07 q1016 nosig 1500 bcfg
2018-04-08 16:00:00,26012KT 230V300 3000 RA BCFG BKN006 BKN010 BKN022 08/07 Q1006 TEMPO -RA,22016g28kt 170v280 3000 0700s ra br bkn004 09 09 q1005 nosig,24011kt 3000 RA SCT050 BKN 09 08 q1005 22016g28kt 170v280 3000 0700s ra br bkn004 09 09 q1005 nosig
2020-09-03 09:00:00,20004KT 120V270 CAVOK 21/17 Q1020 NOSIG,20006kt 140v240 cavok 23 14 q1020 nosig,15005kt 9999 WM MNClD M 21 15 q1020 20006kt 140v240 cavok 23 14 q1020 nosig q1020 nosig q1020 nosig
2020-10-08 19:00:00,26005KT 210V300 9999 FEW035 15/14 Q1023 NOSIG,vrb02kt cavok 15 13 q1023 nosig,27007kt 9999 WM MNClD M 15 13 q1023 vrb02kt cavok 15 13 q1023 nosig 28012kt 16 12 q1022 nosig
2022-03-27 19:00:00,VRB02KT 9999 SCT054 16/08 Q1020 NOSIG,01003kt 330v030 9999 few040 16 07 q1020 nosig,34003kt 9999 WM MNClD M 15 08 q1020 01003kt 330v030 9999 few040 16 07 q1020 nosig sct030tcu bkn050 16
2020-10-19 15:00:00,17010KT 120V230 3000 RA SCT010 OVC022 14/14 Q1005 NOSIG,21013kt 180v250 9999 ra sct017 ovc028 15 12 q1007 tempo 3000,18023kt 3000 RA FEW040 OVC 15 14 q1007 21013kt 180v250 9999 ra sct017 ovc028 15 12 q1007 tempo 3000
2020-11-01 10:00:00,18010KT 130V230 0050 R19/0500N R01/0250N FG DZ VV001 16/16 Q1024 NOSIG,18009kt 120v220 0050 r19 0650u r01 0350n fg vv001 16 16,17011kt 800 DZ FEW025 M 16 16 q1023 18009kt 120v220 0050 r19 0650u r01 0350n fg vv001 16 16
2020-03-09 20:00:00,27004KT CAVOK 10/08 Q1029 NOSIG,27010kt 220v320 9999 few030 12 08 q1029 nosig,28007kt 9999 WM FEW030 M 11 08 q1029 27010kt 220v320 9999 few030 12 08 q1029 nosig 1500 bcfg bkn005
2018-01-06 11:00:00,21003KT 0200 R19/0250N R01/0150N BCFG VV001 02/02 Q1007 BECMG 1500 BCFG,03004kt 350v080 0600 r19 0550n r01 0400n fg vv001 05 05,36005kt 800 FG FEW030 M 05 03 q1007 03004kt 350v080 0600 r19 0550n r01 0400n fg vv001 05 05
2019-03-17 08:00:00,19005KT 160V230 0150 R19/0700D R01/0275N -RA BCFG VV001 09/09 Q1021 BECMG 36010KT 6000 BKN015,32008kt 280v020 9000 bkn028 10 09 q1021 rera tempo 3000 br,00009kt 9999 RA SCT015 BKN 10 09 q1021 32008kt 280v020 9000 bkn028 10 09 q1021 rera tempo 3000 br
